Condition,CodeType,DxCodeLocation,DxCode
ALZH,ICD10DX,ANY,G30.0
ALZH,ICD10DX,ANY,G30.1
ALZH,ICD10DX,ANY,G30.8
ALZH,ICD10DX,ANY,G30.9
AMI,ICD10DX,ANY,I21.01
AMI,ICD10DX,ANY,I21.02
AMI,ICD10DX,ANY,I21.09
AMI,ICD10DX,ANY,I21.11
AMI,ICD10DX,ANY,I21.19
AMI,ICD10DX,ANY,I21.21
AMI,ICD10DX,ANY,I21.29
AMI,ICD10DX,ANY,I21.3
AMI,ICD10DX,ANY,I21.4
AMI,ICD10DX,ANY,I21.9
AMI,ICD10DX,ANY,I21.A1
AMI,ICD10DX,ANY,I21.A9
AMI,ICD10DX,ANY,I22.0
AMI,ICD10DX,ANY,I22.1
AMI,ICD10DX,ANY,I22.2
AMI,ICD10DX,ANY,I22.8
AMI,ICD10DX,ANY,I22.9
AMI,ICD10DX,ANY,I23.0
AMI,ICD10DX,ANY,I23.1
AMI,ICD10DX,ANY,I23.2
AMI,ICD10DX,ANY,I23.3
AMI,ICD10DX,ANY,I23.4
AMI,ICD10DX,ANY,I23.5
AMI,ICD10DX,ANY,I23.6
AMI,ICD10DX,ANY,I23.7
AMI,ICD10DX,ANY,I23.8
ANEMIA,ICD10DX,ANY,C94.6
ANEMIA,ICD10DX,ANY,D46.0
ANEMIA,ICD10DX,ANY,D46.1
ANEMIA,ICD10DX,ANY,D46.20
ANEMIA,ICD10DX,ANY,D46.21
ANEMIA,ICD10DX,ANY,D46.22
ANEMIA,ICD10DX,ANY,D46.4
ANEMIA,ICD10DX,ANY,D46.9
ANEMIA,ICD10DX,ANY,D46.A
ANEMIA,ICD10DX,ANY,D46.B
ANEMIA,ICD10DX,ANY,D46.C
ANEMIA,ICD10DX,ANY,D46.Z
ANEMIA,ICD10DX,ANY,D47.4
ANEMIA,ICD10DX,ANY,D50.0
ANEMIA,ICD10DX,ANY,D50.1
ANEMIA,ICD10DX,ANY,D50.8
ANEMIA,ICD10DX,ANY,D50.9
ANEMIA,ICD10DX,ANY,D51.0
ANEMIA,ICD10DX,ANY,D51.1
ANEMIA,ICD10DX,ANY,D51.2
ANEMIA,ICD10DX,ANY,D51.3
ANEMIA,ICD10DX,ANY,D51.8
ANEMIA,ICD10DX,ANY,D51.9
ANEMIA,ICD10DX,ANY,D52.0
ANEMIA,ICD10DX,ANY,D52.1
ANEMIA,ICD10DX,ANY,D52.8
ANEMIA,ICD10DX,ANY,D52.9
ANEMIA,ICD10DX,ANY,D53.0
ANEMIA,ICD10DX,ANY,D53.1
ANEMIA,ICD10DX,ANY,D53.2
ANEMIA,ICD10DX,ANY,D53.8
ANEMIA,ICD10DX,ANY,D53.9
ANEMIA,ICD10DX,ANY,D55.0
ANEMIA,ICD10DX,ANY,D55.1
ANEMIA,ICD10DX,ANY,D55.2
ANEMIA,ICD10DX,ANY,D55.21
ANEMIA,ICD10DX,ANY,D55.29
ANEMIA,ICD10DX,ANY,D55.3
ANEMIA,ICD10DX,ANY,D55.8
ANEMIA,ICD10DX,ANY,D55.9
ANEMIA,ICD10DX,ANY,D56.0
ANEMIA,ICD10DX,ANY,D56.1
ANEMIA,ICD10DX,ANY,D56.2
ANEMIA,ICD10DX,ANY,D56.3
ANEMIA,ICD10DX,ANY,D56.4
ANEMIA,ICD10DX,ANY,D56.5
ANEMIA,ICD10DX,ANY,D56.8
ANEMIA,ICD10DX,ANY,D56.9
ANEMIA,ICD10DX,ANY,D57.00
ANEMIA,ICD10DX,ANY,D57.01
ANEMIA,ICD10DX,ANY,D57.02
ANEMIA,ICD10DX,ANY,D57.1
ANEMIA,ICD10DX,ANY,D57.20
ANEMIA,ICD10DX,ANY,D57.211
ANEMIA,ICD10DX,ANY,D57.212
ANEMIA,ICD10DX,ANY,D57.219
ANEMIA,ICD10DX,ANY,D57.3
ANEMIA,ICD10DX,ANY,D57.40
ANEMIA,ICD10DX,ANY,D57.411
ANEMIA,ICD10DX,ANY,D57.412
ANEMIA,ICD10DX,ANY,D57.413
ANEMIA,ICD10DX,ANY,D57.418
ANEMIA,ICD10DX,ANY,D57.419
ANEMIA,ICD10DX,ANY,D57.42
ANEMIA,ICD10DX,ANY,D57.431
ANEMIA,ICD10DX,ANY,D57.432
ANEMIA,ICD10DX,ANY,D57.433
ANEMIA,ICD10DX,ANY,D57.438
ANEMIA,ICD10DX,ANY,D57.439
ANEMIA,ICD10DX,ANY,D57.44
ANEMIA,ICD10DX,ANY,D57.451
ANEMIA,ICD10DX,ANY,D57.452
ANEMIA,ICD10DX,ANY,D57.453
ANEMIA,ICD10DX,ANY,D57.458
ANEMIA,ICD10DX,ANY,D57.459
ANEMIA,ICD10DX,ANY,D57.80
ANEMIA,ICD10DX,ANY,D57.811
ANEMIA,ICD10DX,ANY,D57.812
ANEMIA,ICD10DX,ANY,D57.813
ANEMIA,ICD10DX,ANY,D57.818
ANEMIA,ICD10DX,ANY,D57.819
ANEMIA,ICD10DX,ANY,D58.0
ANEMIA,ICD10DX,ANY,D58.1
ANEMIA,ICD10DX,ANY,D58.2
ANEMIA,ICD10DX,ANY,D58.8
ANEMIA,ICD10DX,ANY,D58.9
ANEMIA,ICD10DX,ANY,D59.0
ANEMIA,ICD10DX,ANY,D59.1
ANEMIA,ICD10DX,ANY,D59.10
ANEMIA,ICD10DX,ANY,D59.11
ANEMIA,ICD10DX,ANY,D59.12
ANEMIA,ICD10DX,ANY,D59.13
ANEMIA,ICD10DX,ANY,D59.19
ANEMIA,ICD10DX,ANY,D59.2
ANEMIA,ICD10DX,ANY,D59.3
ANEMIA,ICD10DX,ANY,D59.4
ANEMIA,ICD10DX,ANY,D59.5
ANEMIA,ICD10DX,ANY,D59.6
ANEMIA,ICD10DX,ANY,D59.8
ANEMIA,ICD10DX,ANY,D59.9
ANEMIA,ICD10DX,ANY,D60.0
ANEMIA,ICD10DX,ANY,D60.1
ANEMIA,ICD10DX,ANY,D60.8
ANEMIA,ICD10DX,ANY,D60.9
ANEMIA,ICD10DX,ANY,D61.01
ANEMIA,ICD10DX,ANY,D61.09
ANEMIA,ICD10DX,ANY,D61.1
ANEMIA,ICD10DX,ANY,D61.2
ANEMIA,ICD10DX,ANY,D61.3
ANEMIA,ICD10DX,ANY,D61.810
ANEMIA,ICD10DX,ANY,D61.811
ANEMIA,ICD10DX,ANY,D61.818
ANEMIA,ICD10DX,ANY,D61.82
ANEMIA,ICD10DX,ANY,D61.89
ANEMIA,ICD10DX,ANY,D61.9
ANEMIA,ICD10DX,ANY,D63.0
ANEMIA,ICD10DX,ANY,D63.1
ANEMIA,ICD10DX,ANY,D63.8
ANEMIA,ICD10DX,ANY,D64.0
ANEMIA,ICD10DX,ANY,D64.1
ANEMIA,ICD10DX,ANY,D64.2
ANEMIA,ICD10DX,ANY,D64.3
ANEMIA,ICD10DX,ANY,D64.4
ANEMIA,ICD10DX,ANY,D64.81
ANEMIA,ICD10DX,ANY,D64.89
ANEMIA,ICD10DX,ANY,D64.9
ANEMIA,ICD10DX,ANY,D75.81
ASTHMA,ICD10DX,ANY,J45.20
ASTHMA,ICD10DX,ANY,J45.21
ASTHMA,ICD10DX,ANY,J45.22
ASTHMA,ICD10DX,ANY,J45.30
ASTHMA,ICD10DX,ANY,J45.31
ASTHMA,ICD10DX,ANY,J45.32
ASTHMA,ICD10DX,ANY,J45.40
ASTHMA,ICD10DX,ANY,J45.41
ASTHMA,ICD10DX,ANY,J45.42
ASTHMA,ICD10DX,ANY,J45.50
ASTHMA,ICD10DX,ANY,J45.51
ASTHMA,ICD10DX,ANY,J45.52
ASTHMA,ICD10DX,ANY,J45.901
ASTHMA,ICD10DX,ANY,J45.902
ASTHMA,ICD10DX,ANY,J45.909
ASTHMA,ICD10DX,ANY,J45.990
ASTHMA,ICD10DX,ANY,J45.991
ASTHMA,ICD10DX,ANY,J45.998
ATRIALF,ICD10DX,ANY,I48.0
ATRIALF,ICD10DX,ANY,I48.1
ATRIALF,ICD10DX,ANY,I48.11
ATRIALF,ICD10DX,ANY,I48.19
ATRIALF,ICD10DX,ANY,I48.2
ATRIALF,ICD10DX,ANY,I48.20
ATRIALF,ICD10DX,ANY,I48.21
ATRIALF,ICD10DX,ANY,I48.3
ATRIALF,ICD10DX,ANY,I48.4
ATRIALF,ICD10DX,ANY,I48.91
CATARACT,ICD10DX,ANY,E08.36
CATARACT,ICD10DX,ANY,E09.36
CATARACT,ICD10DX,ANY,E10.36
CATARACT,ICD10DX,ANY,E11.36
CATARACT,ICD10DX,ANY,E13.36
CATARACT,ICD10DX,ANY,H25.011
CATARACT,ICD10DX,ANY,H25.012
CATARACT,ICD10DX,ANY,H25.013
CATARACT,ICD10DX,ANY,H25.019
CATARACT,ICD10DX,ANY,H25.031
CATARACT,ICD10DX,ANY,H25.032
CATARACT,ICD10DX,ANY,H25.033
CATARACT,ICD10DX,ANY,H25.039
CATARACT,ICD10DX,ANY,H25.041
CATARACT,ICD10DX,ANY,H25.042
CATARACT,ICD10DX,ANY,H25.043
CATARACT,ICD10DX,ANY,H25.049
CATARACT,ICD10DX,ANY,H25.091
CATARACT,ICD10DX,ANY,H25.092
CATARACT,ICD10DX,ANY,H25.093
CATARACT,ICD10DX,ANY,H25.099
CATARACT,ICD10DX,ANY,H25.10
CATARACT,ICD10DX,ANY,H25.11
CATARACT,ICD10DX,ANY,H25.12
CATARACT,ICD10DX,ANY,H25.13
CATARACT,ICD10DX,ANY,H25.20
CATARACT,ICD10DX,ANY,H25.21
CATARACT,ICD10DX,ANY,H25.22
CATARACT,ICD10DX,ANY,H25.23
CATARACT,ICD10DX,ANY,H25.811
CATARACT,ICD10DX,ANY,H25.812
CATARACT,ICD10DX,ANY,H25.813
CATARACT,ICD10DX,ANY,H25.819
CATARACT,ICD10DX,ANY,H25.89
CATARACT,ICD10DX,ANY,H25.9
CATARACT,ICD10DX,ANY,H26.001
CATARACT,ICD10DX,ANY,H26.002
CATARACT,ICD10DX,ANY,H26.003
CATARACT,ICD10DX,ANY,H26.009
CATARACT,ICD10DX,ANY,H26.011
CATARACT,ICD10DX,ANY,H26.012
CATARACT,ICD10DX,ANY,H26.013
CATARACT,ICD10DX,ANY,H26.019
CATARACT,ICD10DX,ANY,H26.031
CATARACT,ICD10DX,ANY,H26.032
CATARACT,ICD10DX,ANY,H26.033
CATARACT,ICD10DX,ANY,H26.039
CATARACT,ICD10DX,ANY,H26.041
CATARACT,ICD10DX,ANY,H26.042
CATARACT,ICD10DX,ANY,H26.043
CATARACT,ICD10DX,ANY,H26.049
CATARACT,ICD10DX,ANY,H26.051
CATARACT,ICD10DX,ANY,H26.052
CATARACT,ICD10DX,ANY,H26.053
CATARACT,ICD10DX,ANY,H26.059
CATARACT,ICD10DX,ANY,H26.061
CATARACT,ICD10DX,ANY,H26.062
CATARACT,ICD10DX,ANY,H26.063
CATARACT,ICD10DX,ANY,H26.069
CATARACT,ICD10DX,ANY,H26.09
CATARACT,ICD10DX,ANY,H26.101
CATARACT,ICD10DX,ANY,H26.102
CATARACT,ICD10DX,ANY,H26.103
CATARACT,ICD10DX,ANY,H26.109
CATARACT,ICD10DX,ANY,H26.111
CATARACT,ICD10DX,ANY,H26.112
CATARACT,ICD10DX,ANY,H26.113
CATARACT,ICD10DX,ANY,H26.119
CATARACT,ICD10DX,ANY,H26.121
CATARACT,ICD10DX,ANY,H26.122
CATARACT,ICD10DX,ANY,H26.123
CATARACT,ICD10DX,ANY,H26.129
CATARACT,ICD10DX,ANY,H26.131
CATARACT,ICD10DX,ANY,H26.132
CATARACT,ICD10DX,ANY,H26.133
CATARACT,ICD10DX,ANY,H26.139
CATARACT,ICD10DX,ANY,H26.20
CATARACT,ICD10DX,ANY,H26.211
CATARACT,ICD10DX,ANY,H26.212
CATARACT,ICD10DX,ANY,H26.213
CATARACT,ICD10DX,ANY,H26.219
CATARACT,ICD10DX,ANY,H26.221
CATARACT,ICD10DX,ANY,H26.222
CATARACT,ICD10DX,ANY,H26.223
CATARACT,ICD10DX,ANY,H26.229
CATARACT,ICD10DX,ANY,H26.30
CATARACT,ICD10DX,ANY,H26.31
CATARACT,ICD10DX,ANY,H26.32
CATARACT,ICD10DX,ANY,H26.33
CATARACT,ICD10DX,ANY,H26.40
CATARACT,ICD10DX,ANY,H26.411
CATARACT,ICD10DX,ANY,H26.412
CATARACT,ICD10DX,ANY,H26.413
CATARACT,ICD10DX,ANY,H26.419
CATARACT,ICD10DX,ANY,H26.491
CATARACT,ICD10DX,ANY,H26.492
CATARACT,ICD10DX,ANY,H26.493
CATARACT,ICD10DX,ANY,H26.499
CATARACT,ICD10DX,ANY,H26.8
CATARACT,ICD10DX,ANY,H26.9
CATARACT,ICD10DX,ANY,Q12.0
CHF,ICD10DX,ANY,I09.81
CHF,ICD10DX,ANY,I11.0
CHF,ICD10DX,ANY,I13.0
CHF,ICD10DX,ANY,I13.2
CHF,ICD10DX,ANY,I42.0
CHF,ICD10DX,ANY,I42.5
CHF,ICD10DX,ANY,I42.6
CHF,ICD10DX,ANY,I42.7
CHF,ICD10DX,ANY,I42.8
CHF,ICD10DX,ANY,I43
CHF,ICD10DX,ANY,I50.1
CHF,ICD10DX,ANY,I50.20
CHF,ICD10DX,ANY,I50.21
CHF,ICD10DX,ANY,I50.22
CHF,ICD10DX,ANY,I50.23
CHF,ICD10DX,ANY,I50.30
CHF,ICD10DX,ANY,I50.31
CHF,ICD10DX,ANY,I50.32
CHF,ICD10DX,ANY,I50.33
CHF,ICD10DX,ANY,I50.40
CHF,ICD10DX,ANY,I50.41
CHF,ICD10DX,ANY,I50.42
CHF,ICD10DX,ANY,I50.43
CHF,ICD10DX,ANY,I50.810
CHF,ICD10DX,ANY,I50.811
CHF,ICD10DX,ANY,I50.812
CHF,ICD10DX,ANY,I50.813
CHF,ICD10DX,ANY,I50.814
CHF,ICD10DX,ANY,I50.82
CHF,ICD10DX,ANY,I50.83
CHF,ICD10DX,ANY,I50.84
CHF,ICD10DX,ANY,I50.89
CHF,ICD10DX,ANY,I50.9
CHF,ICD10DX,ANY,P29.0
CKD,ICD10DX,ANY,A18.11
CKD,ICD10DX,ANY,A52.75
CKD,ICD10DX,ANY,B52.0
CKD,ICD10DX,ANY,E08.21
CKD,ICD10DX,ANY,E08.22
CKD,ICD10DX,ANY,E08.29
CKD,ICD10DX,ANY,E09.21
CKD,ICD10DX,ANY,E09.22
CKD,ICD10DX,ANY,E09.29
CKD,ICD10DX,ANY,E10.21
CKD,ICD10DX,ANY,E10.22
CKD,ICD10DX,ANY,E10.29
CKD,ICD10DX,ANY,E11.21
CKD,ICD10DX,ANY,E11.22
CKD,ICD10DX,ANY,E11.29
CKD,ICD10DX,ANY,E13.21
CKD,ICD10DX,ANY,E13.22
CKD,ICD10DX,ANY,E13.29
CKD,ICD10DX,ANY,I12.0
CKD,ICD10DX,ANY,I12.9
CKD,ICD10DX,ANY,I13.0
CKD,ICD10DX,ANY,I13.10
CKD,ICD10DX,ANY,I13.11
CKD,ICD10DX,ANY,I13.2
CKD,ICD10DX,ANY,K76.7
CKD,ICD10DX,ANY,M10.30
CKD,ICD10DX,ANY,M10.311
CKD,ICD10DX,ANY,M10.312
CKD,ICD10DX,ANY,M10.319
CKD,ICD10DX,ANY,M10.321
CKD,ICD10DX,ANY,M10.322
CKD,ICD10DX,ANY,M10.329
CKD,ICD10DX,ANY,M10.331
CKD,ICD10DX,ANY,M10.332
CKD,ICD10DX,ANY,M10.339
CKD,ICD10DX,ANY,M10.341
CKD,ICD10DX,ANY,M10.342
CKD,ICD10DX,ANY,M10.349
CKD,ICD10DX,ANY,M10.351
CKD,ICD10DX,ANY,M10.352
CKD,ICD10DX,ANY,M10.359
CKD,ICD10DX,ANY,M10.361
CKD,ICD10DX,ANY,M10.362
CKD,ICD10DX,ANY,M10.369
CKD,ICD10DX,ANY,M10.371
CKD,ICD10DX,ANY,M10.372
CKD,ICD10DX,ANY,M10.379
CKD,ICD10DX,ANY,M10.38
CKD,ICD10DX,ANY,M10.39
CKD,ICD10DX,ANY,M32.14
CKD,ICD10DX,ANY,M32.15
CKD,ICD10DX,ANY,M35.04
CKD,ICD10DX,ANY,M35.0A
CKD,ICD10DX,ANY,N01.0
CKD,ICD10DX,ANY,N01.1
CKD,ICD10DX,ANY,N01.2
CKD,ICD10DX,ANY,N01.3
CKD,ICD10DX,ANY,N01.4
CKD,ICD10DX,ANY,N01.5
CKD,ICD10DX,ANY,N01.6
CKD,ICD10DX,ANY,N01.7
CKD,ICD10DX,ANY,N01.8
CKD,ICD10DX,ANY,N01.9
CKD,ICD10DX,ANY,N01.A
CKD,ICD10DX,ANY,N02.0
CKD,ICD10DX,ANY,N02.1
CKD,ICD10DX,ANY,N02.2
CKD,ICD10DX,ANY,N02.3
CKD,ICD10DX,ANY,N02.4
CKD,ICD10DX,ANY,N02.5
CKD,ICD10DX,ANY,N02.6
CKD,ICD10DX,ANY,N02.7
CKD,ICD10DX,ANY,N02.8
CKD,ICD10DX,ANY,N02.9
CKD,ICD10DX,ANY,N02.A
CKD,ICD10DX,ANY,N03.0
CKD,ICD10DX,ANY,N03.1
CKD,ICD10DX,ANY,N03.2
CKD,ICD10DX,ANY,N03.3
CKD,ICD10DX,ANY,N03.4
CKD,ICD10DX,ANY,N03.5
CKD,ICD10DX,ANY,N03.6
CKD,ICD10DX,ANY,N03.7
CKD,ICD10DX,ANY,N03.8
CKD,ICD10DX,ANY,N03.9
CKD,ICD10DX,ANY,N03.A
CKD,ICD10DX,ANY,N04.0
CKD,ICD10DX,ANY,N04.1
CKD,ICD10DX,ANY,N04.2
CKD,ICD10DX,ANY,N04.3
CKD,ICD10DX,ANY,N04.4
CKD,ICD10DX,ANY,N04.5
CKD,ICD10DX,ANY,N04.6
CKD,ICD10DX,ANY,N04.7
CKD,ICD10DX,ANY,N04.8
CKD,ICD10DX,ANY,N04.9
CKD,ICD10DX,ANY,N04.A
CKD,ICD10DX,ANY,N05.0
CKD,ICD10DX,ANY,N05.1
CKD,ICD10DX,ANY,N05.2
CKD,ICD10DX,ANY,N05.3
CKD,ICD10DX,ANY,N05.4
CKD,ICD10DX,ANY,N05.5
CKD,ICD10DX,ANY,N05.6
CKD,ICD10DX,ANY,N05.7
CKD,ICD10DX,ANY,N05.8
CKD,ICD10DX,ANY,N05.9
CKD,ICD10DX,ANY,N05.A
CKD,ICD10DX,ANY,N06.0
CKD,ICD10DX,ANY,N06.1
CKD,ICD10DX,ANY,N06.2
CKD,ICD10DX,ANY,N06.3
CKD,ICD10DX,ANY,N06.4
CKD,ICD10DX,ANY,N06.5
CKD,ICD10DX,ANY,N06.6
CKD,ICD10DX,ANY,N06.7
CKD,ICD10DX,ANY,N06.8
CKD,ICD10DX,ANY,N06.9
CKD,ICD10DX,ANY,N06.A
CKD,ICD10DX,ANY,N07.0
CKD,ICD10DX,ANY,N07.1
CKD,ICD10DX,ANY,N07.2
CKD,ICD10DX,ANY,N07.3
CKD,ICD10DX,ANY,N07.4
CKD,ICD10DX,ANY,N07.5
CKD,ICD10DX,ANY,N07.6
CKD,ICD10DX,ANY,N07.7
CKD,ICD10DX,ANY,N07.8
CKD,ICD10DX,ANY,N07.9
CKD,ICD10DX,ANY,N07.A
CKD,ICD10DX,ANY,N08
CKD,ICD10DX,ANY,N14.0
CKD,ICD10DX,ANY,N14.1
CKD,ICD10DX,ANY,N14.2
CKD,ICD10DX,ANY,N14.3
CKD,ICD10DX,ANY,N14.4
CKD,ICD10DX,ANY,N15.0
CKD,ICD10DX,ANY,N15.8
CKD,ICD10DX,ANY,N15.9
CKD,ICD10DX,ANY,N16
CKD,ICD10DX,ANY,N18.1
CKD,ICD10DX,ANY,N18.2
CKD,ICD10DX,ANY,N18.3
CKD,ICD10DX,ANY,N18.30
CKD,ICD10DX,ANY,N18.31
CKD,ICD10DX,ANY,N18.32
CKD,ICD10DX,ANY,N18.4
CKD,ICD10DX,ANY,N18.5
CKD,ICD10DX,ANY,N18.6
CKD,ICD10DX,ANY,N18.9
CKD,ICD10DX,ANY,N25.1
CKD,ICD10DX,ANY,N25.89
CKD,ICD10DX,ANY,N25.9
CKD,ICD10DX,ANY,N26.1
CKD,ICD10DX,ANY,N26.9
CKD,ICD10DX,ANY,N99.0
CKD,ICD10DX,ANY,Q61.02
CKD,ICD10DX,ANY,Q61.11
CKD,ICD10DX,ANY,Q61.19
CKD,ICD10DX,ANY,Q61.2
CKD,ICD10DX,ANY,Q61.3
CKD,ICD10DX,ANY,Q61.4
CKD,ICD10DX,ANY,Q61.5
CKD,ICD10DX,ANY,Q61.8
CNCRBRST,ICD10DX,ANY,C50.011
CNCRBRST,ICD10DX,ANY,C50.012
CNCRBRST,ICD10DX,ANY,C50.019
CNCRBRST,ICD10DX,ANY,C50.021
CNCRBRST,ICD10DX,ANY,C50.022
CNCRBRST,ICD10DX,ANY,C50.029
CNCRBRST,ICD10DX,ANY,C50.111
CNCRBRST,ICD10DX,ANY,C50.112
CNCRBRST,ICD10DX,ANY,C50.119
CNCRBRST,ICD10DX,ANY,C50.121
CNCRBRST,ICD10DX,ANY,C50.122
CNCRBRST,ICD10DX,ANY,C50.129
CNCRBRST,ICD10DX,ANY,C50.211
CNCRBRST,ICD10DX,ANY,C50.212
CNCRBRST,ICD10DX,ANY,C50.219
CNCRBRST,ICD10DX,ANY,C50.221
CNCRBRST,ICD10DX,ANY,C50.222
CNCRBRST,ICD10DX,ANY,C50.229
CNCRBRST,ICD10DX,ANY,C50.311
CNCRBRST,ICD10DX,ANY,C50.312
CNCRBRST,ICD10DX,ANY,C50.319
CNCRBRST,ICD10DX,ANY,C50.321
CNCRBRST,ICD10DX,ANY,C50.322
CNCRBRST,ICD10DX,ANY,C50.329
CNCRBRST,ICD10DX,ANY,C50.411
CNCRBRST,ICD10DX,ANY,C50.412
CNCRBRST,ICD10DX,ANY,C50.419
CNCRBRST,ICD10DX,ANY,C50.421
CNCRBRST,ICD10DX,ANY,C50.422
CNCRBRST,ICD10DX,ANY,C50.429
CNCRBRST,ICD10DX,ANY,C50.511
CNCRBRST,ICD10DX,ANY,C50.512
CNCRBRST,ICD10DX,ANY,C50.519
CNCRBRST,ICD10DX,ANY,C50.521
CNCRBRST,ICD10DX,ANY,C50.522
CNCRBRST,ICD10DX,ANY,C50.529
CNCRBRST,ICD10DX,ANY,C50.611
CNCRBRST,ICD10DX,ANY,C50.612
CNCRBRST,ICD10DX,ANY,C50.619
CNCRBRST,ICD10DX,ANY,C50.621
CNCRBRST,ICD10DX,ANY,C50.622
CNCRBRST,ICD10DX,ANY,C50.629
CNCRBRST,ICD10DX,ANY,C50.811
CNCRBRST,ICD10DX,ANY,C50.812
CNCRBRST,ICD10DX,ANY,C50.819
CNCRBRST,ICD10DX,ANY,C50.821
CNCRBRST,ICD10DX,ANY,C50.822
CNCRBRST,ICD10DX,ANY,C50.829
CNCRBRST,ICD10DX,ANY,C50.911
CNCRBRST,ICD10DX,ANY,C50.912
CNCRBRST,ICD10DX,ANY,C50.919
CNCRBRST,ICD10DX,ANY,C50.921
CNCRBRST,ICD10DX,ANY,C50.922
CNCRBRST,ICD10DX,ANY,C50.929
CNCRBRST,ICD10DX,ANY,D05.00
CNCRBRST,ICD10DX,ANY,D05.01
CNCRBRST,ICD10DX,ANY,D05.02
CNCRBRST,ICD10DX,ANY,D05.10
CNCRBRST,ICD10DX,ANY,D05.11
CNCRBRST,ICD10DX,ANY,D05.12
CNCRBRST,ICD10DX,ANY,D05.80
CNCRBRST,ICD10DX,ANY,D05.81
CNCRBRST,ICD10DX,ANY,D05.82
CNCRBRST,ICD10DX,ANY,D05.90
CNCRBRST,ICD10DX,ANY,D05.91
CNCRBRST,ICD10DX,ANY,D05.92
CNCRBRST,ICD10DX,ANY,Z17.0
CNCRBRST,ICD10DX,ANY,Z17.1
CNCRBRST,ICD10DX,ANY,Z19.1
CNCRBRST,ICD10DX,ANY,Z19.2
CNCRBRST,ICD10DX,ANY,Z85.3
CNCRBRST,ICD10DX,ANY,Z86.000
CNCRCLR,ICD10DX,ANY,C18.0
CNCRCLR,ICD10DX,ANY,C18.1
CNCRCLR,ICD10DX,ANY,C18.2
CNCRCLR,ICD10DX,ANY,C18.3
CNCRCLR,ICD10DX,ANY,C18.4
CNCRCLR,ICD10DX,ANY,C18.5
CNCRCLR,ICD10DX,ANY,C18.6
CNCRCLR,ICD10DX,ANY,C18.7
CNCRCLR,ICD10DX,ANY,C18.8
CNCRCLR,ICD10DX,ANY,C18.9
CNCRCLR,ICD10DX,ANY,C19
CNCRCLR,ICD10DX,ANY,C20
CNCRCLR,ICD10DX,ANY,C49.A4
CNCRCLR,ICD10DX,ANY,C49.A5
CNCRCLR,ICD10DX,ANY,D01.0
CNCRCLR,ICD10DX,ANY,D01.1
CNCRCLR,ICD10DX,ANY,D01.2
CNCRCLR,ICD10DX,ANY,Z85.030
CNCRCLR,ICD10DX,ANY,Z85.038
CNCRCLR,ICD10DX,ANY,Z85.040
CNCRCLR,ICD10DX,ANY,Z85.048
CNCREND,ICD10DX,ANY,C54.0
CNCREND,ICD10DX,ANY,C54.1
CNCREND,ICD10DX,ANY,C54.2
CNCREND,ICD10DX,ANY,C54.3
CNCREND,ICD10DX,ANY,C54.8
CNCREND,ICD10DX,ANY,C54.9
CNCREND,ICD10DX,ANY,D07.0
CNCREND,ICD10DX,ANY,Z85.42
CNCRLNG,ICD10DX,ANY,C34.00
CNCRLNG,ICD10DX,ANY,C34.01
CNCRLNG,ICD10DX,ANY,C34.02
CNCRLNG,ICD10DX,ANY,C34.10
CNCRLNG,ICD10DX,ANY,C34.11
CNCRLNG,ICD10DX,ANY,C34.12
CNCRLNG,ICD10DX,ANY,C34.2
CNCRLNG,ICD10DX,ANY,C34.30
CNCRLNG,ICD10DX,ANY,C34.31
CNCRLNG,ICD10DX,ANY,C34.32
CNCRLNG,ICD10DX,ANY,C34.80
CNCRLNG,ICD10DX,ANY,C34.81
CNCRLNG,ICD10DX,ANY,C34.82
CNCRLNG,ICD10DX,ANY,C34.90
CNCRLNG,ICD10DX,ANY,C34.91
CNCRLNG,ICD10DX,ANY,C34.92
CNCRLNG,ICD10DX,ANY,D02.20
CNCRLNG,ICD10DX,ANY,D02.21
CNCRLNG,ICD10DX,ANY,D02.22
CNCRLNG,ICD10DX,ANY,Z85.110
CNCRLNG,ICD10DX,ANY,Z85.118
CNCRPRST,ICD10DX,ANY,C61
CNCRPRST,ICD10DX,ANY,D07.5
CNCRPRST,ICD10DX,ANY,Z85.46
CNCRURO,ICD10DX,ANY,C64.1
CNCRURO,ICD10DX,ANY,C64.2
CNCRURO,ICD10DX,ANY,C64.9
CNCRURO,ICD10DX,ANY,C65.1
CNCRURO,ICD10DX,ANY,C65.2
CNCRURO,ICD10DX,ANY,C65.9
CNCRURO,ICD10DX,ANY,C66.1
CNCRURO,ICD10DX,ANY,C66.2
CNCRURO,ICD10DX,ANY,C66.9
CNCRURO,ICD10DX,ANY,C68.8
CNCRURO,ICD10DX,ANY,C68.9
CNCRURO,ICD10DX,ANY,D09.10
CNCRURO,ICD10DX,ANY,D09.19
CNCRURO,ICD10DX,ANY,Z85.520
CNCRURO,ICD10DX,ANY,Z85.528
CNCRURO,ICD10DX,ANY,Z85.53
CNCRURO,ICD10DX,ANY,Z85.54
CNCRURO,ICD10DX,ANY,Z85.59
COPD,ICD10DX,ANY,J40
COPD,ICD10DX,ANY,J41.0
COPD,ICD10DX,ANY,J41.1
COPD,ICD10DX,ANY,J41.8
COPD,ICD10DX,ANY,J42
COPD,ICD10DX,ANY,J43.0
COPD,ICD10DX,ANY,J43.1
COPD,ICD10DX,ANY,J43.2
COPD,ICD10DX,ANY,J43.9
COPD,ICD10DX,ANY,J44.0
COPD,ICD10DX,ANY,J44.1
COPD,ICD10DX,ANY,J44.9
COPD,ICD10DX,ANY,J47.0
COPD,ICD10DX,ANY,J47.1
COPD,ICD10DX,ANY,J47.9
COPD,ICD10DX,ANY,J98.2
COPD,ICD10DX,ANY,J98.3
DEPRESSN,ICD10DX,ANY,F06.31
DEPRESSN,ICD10DX,ANY,F06.32
DEPRESSN,ICD10DX,ANY,F31.0
DEPRESSN,ICD10DX,ANY,F31.10
DEPRESSN,ICD10DX,ANY,F31.11
DEPRESSN,ICD10DX,ANY,F31.12
DEPRESSN,ICD10DX,ANY,F31.13
DEPRESSN,ICD10DX,ANY,F31.2
DEPRESSN,ICD10DX,ANY,F31.30
DEPRESSN,ICD10DX,ANY,F31.31
DEPRESSN,ICD10DX,ANY,F31.32
DEPRESSN,ICD10DX,ANY,F31.4
DEPRESSN,ICD10DX,ANY,F31.5
DEPRESSN,ICD10DX,ANY,F31.60
DEPRESSN,ICD10DX,ANY,F31.61
DEPRESSN,ICD10DX,ANY,F31.62
DEPRESSN,ICD10DX,ANY,F31.63
DEPRESSN,ICD10DX,ANY,F31.64
DEPRESSN,ICD10DX,ANY,F31.71
DEPRESSN,ICD10DX,ANY,F31.73
DEPRESSN,ICD10DX,ANY,F31.75
DEPRESSN,ICD10DX,ANY,F31.76
DEPRESSN,ICD10DX,ANY,F31.77
DEPRESSN,ICD10DX,ANY,F31.78
DEPRESSN,ICD10DX,ANY,F31.81
DEPRESSN,ICD10DX,ANY,F31.89
DEPRESSN,ICD10DX,ANY,F31.9
DEPRESSN,ICD10DX,ANY,F32.0
DEPRESSN,ICD10DX,ANY,F32.1
DEPRESSN,ICD10DX,ANY,F32.2
DEPRESSN,ICD10DX,ANY,F32.3
DEPRESSN,ICD10DX,ANY,F32.4
DEPRESSN,ICD10DX,ANY,F32.5
DEPRESSN,ICD10DX,ANY,F32.8
DEPRESSN,ICD10DX,ANY,F32.89
DEPRESSN,ICD10DX,ANY,F32.9
DEPRESSN,ICD10DX,ANY,F32.A
DEPRESSN,ICD10DX,ANY,F33.0
DEPRESSN,ICD10DX,ANY,F33.1
DEPRESSN,ICD10DX,ANY,F33.2
DEPRESSN,ICD10DX,ANY,F33.3
DEPRESSN,ICD10DX,ANY,F33.40
DEPRESSN,ICD10DX,ANY,F33.41
DEPRESSN,ICD10DX,ANY,F33.42
DEPRESSN,ICD10DX,ANY,F33.8
DEPRESSN,ICD10DX,ANY,F33.9
DEPRESSN,ICD10DX,ANY,F34.0
DEPRESSN,ICD10DX,ANY,F34.1
DEPRESSN,ICD10DX,ANY,F43.21
DEPRESSN,ICD10DX,ANY,F43.23
DIABETES,ICD10DX,ANY,E08.00
DIABETES,ICD10DX,ANY,E08.01
DIABETES,ICD10DX,ANY,E08.10
DIABETES,ICD10DX,ANY,E08.11
DIABETES,ICD10DX,ANY,E08.21
DIABETES,ICD10DX,ANY,E08.22
DIABETES,ICD10DX,ANY,E08.29
DIABETES,ICD10DX,ANY,E08.311
DIABETES,ICD10DX,ANY,E08.319
DIABETES,ICD10DX,ANY,E08.321
DIABETES,ICD10DX,ANY,E08.3211
DIABETES,ICD10DX,ANY,E08.3212
DIABETES,ICD10DX,ANY,E08.3213
DIABETES,ICD10DX,ANY,E08.3219
DIABETES,ICD10DX,ANY,E08.329
DIABETES,ICD10DX,ANY,E08.3291
DIABETES,ICD10DX,ANY,E08.3292
DIABETES,ICD10DX,ANY,E08.3293
DIABETES,ICD10DX,ANY,E08.3299
DIABETES,ICD10DX,ANY,E08.331
DIABETES,ICD10DX,ANY,E08.3311
DIABETES,ICD10DX,ANY,E08.3312
DIABETES,ICD10DX,ANY,E08.3313
DIABETES,ICD10DX,ANY,E08.3319
DIABETES,ICD10DX,ANY,E08.339
DIABETES,ICD10DX,ANY,E08.3391
DIABETES,ICD10DX,ANY,E08.3392
DIABETES,ICD10DX,ANY,E08.3393
DIABETES,ICD10DX,ANY,E08.3399
DIABETES,ICD10DX,ANY,E08.341
DIABETES,ICD10DX,ANY,E08.3411
DIABETES,ICD10DX,ANY,E08.3412
DIABETES,ICD10DX,ANY,E08.3413
DIABETES,ICD10DX,ANY,E08.3419
DIABETES,ICD10DX,ANY,E08.349
DIABETES,ICD10DX,ANY,E08.3491
DIABETES,ICD10DX,ANY,E08.3492
DIABETES,ICD10DX,ANY,E08.3493
DIABETES,ICD10DX,ANY,E08.3499
DIABETES,ICD10DX,ANY,E08.351
DIABETES,ICD10DX,ANY,E08.3511
DIABETES,ICD10DX,ANY,E08.3512
DIABETES,ICD10DX,ANY,E08.3513
DIABETES,ICD10DX,ANY,E08.3519
DIABETES,ICD10DX,ANY,E08.3521
DIABETES,ICD10DX,ANY,E08.3522
DIABETES,ICD10DX,ANY,E08.3523
DIABETES,ICD10DX,ANY,E08.3529
DIABETES,ICD10DX,ANY,E08.3531
DIABETES,ICD10DX,ANY,E08.3532
DIABETES,ICD10DX,ANY,E08.3533
DIABETES,ICD10DX,ANY,E08.3539
DIABETES,ICD10DX,ANY,E08.3541
DIABETES,ICD10DX,ANY,E08.3542
DIABETES,ICD10DX,ANY,E08.3543
DIABETES,ICD10DX,ANY,E08.3549
DIABETES,ICD10DX,ANY,E08.3551
DIABETES,ICD10DX,ANY,E08.3552
DIABETES,ICD10DX,ANY,E08.3553
DIABETES,ICD10DX,ANY,E08.3559
DIABETES,ICD10DX,ANY,E08.359
DIABETES,ICD10DX,ANY,E08.3591
DIABETES,ICD10DX,ANY,E08.3592
DIABETES,ICD10DX,ANY,E08.3593
DIABETES,ICD10DX,ANY,E08.3599
DIABETES,ICD10DX,ANY,E08.36
DIABETES,ICD10DX,ANY,E08.37X1
DIABETES,ICD10DX,ANY,E08.37X2
DIABETES,ICD10DX,ANY,E08.37X3
DIABETES,ICD10DX,ANY,E08.37X9
DIABETES,ICD10DX,ANY,E08.39
DIABETES,ICD10DX,ANY,E08.40
DIABETES,ICD10DX,ANY,E08.41
DIABETES,ICD10DX,ANY,E08.42
DIABETES,ICD10DX,ANY,E08.43
DIABETES,ICD10DX,ANY,E08.44
DIABETES,ICD10DX,ANY,E08.49
DIABETES,ICD10DX,ANY,E08.51
DIABETES,ICD10DX,ANY,E08.52
DIABETES,ICD10DX,ANY,E08.59
DIABETES,ICD10DX,ANY,E08.610
DIABETES,ICD10DX,ANY,E08.618
DIABETES,ICD10DX,ANY,E08.620
DIABETES,ICD10DX,ANY,E08.621
DIABETES,ICD10DX,ANY,E08.622
DIABETES,ICD10DX,ANY,E08.628
DIABETES,ICD10DX,ANY,E08.630
DIABETES,ICD10DX,ANY,E08.638
DIABETES,ICD10DX,ANY,E08.641
DIABETES,ICD10DX,ANY,E08.649
DIABETES,ICD10DX,ANY,E08.65
DIABETES,ICD10DX,ANY,E08.69
DIABETES,ICD10DX,ANY,E08.8
DIABETES,ICD10DX,ANY,E08.9
DIABETES,ICD10DX,ANY,E09.00
DIABETES,ICD10DX,ANY,E09.01
DIABETES,ICD10DX,ANY,E09.10
DIABETES,ICD10DX,ANY,E09.11
DIABETES,ICD10DX,ANY,E09.21
DIABETES,ICD10DX,ANY,E09.22
DIABETES,ICD10DX,ANY,E09.29
DIABETES,ICD10DX,ANY,E09.311
DIABETES,ICD10DX,ANY,E09.319
DIABETES,ICD10DX,ANY,E09.321
DIABETES,ICD10DX,ANY,E09.3211
DIABETES,ICD10DX,ANY,E09.3212
DIABETES,ICD10DX,ANY,E09.3213
DIABETES,ICD10DX,ANY,E09.3219
DIABETES,ICD10DX,ANY,E09.329
DIABETES,ICD10DX,ANY,E09.3291
DIABETES,ICD10DX,ANY,E09.3292
DIABETES,ICD10DX,ANY,E09.3293
DIABETES,ICD10DX,ANY,E09.3299
DIABETES,ICD10DX,ANY,E09.331
DIABETES,ICD10DX,ANY,E09.3311
DIABETES,ICD10DX,ANY,E09.3312
DIABETES,ICD10DX,ANY,E09.3313
DIABETES,ICD10DX,ANY,E09.3319
DIABETES,ICD10DX,ANY,E09.339
DIABETES,ICD10DX,ANY,E09.3391
DIABETES,ICD10DX,ANY,E09.3392
DIABETES,ICD10DX,ANY,E09.3393
DIABETES,ICD10DX,ANY,E09.3399
DIABETES,ICD10DX,ANY,E09.341
DIABETES,ICD10DX,ANY,E09.3411
DIABETES,ICD10DX,ANY,E09.3412
DIABETES,ICD10DX,ANY,E09.3413
DIABETES,ICD10DX,ANY,E09.3419
DIABETES,ICD10DX,ANY,E09.349
DIABETES,ICD10DX,ANY,E09.3491
DIABETES,ICD10DX,ANY,E09.3492
DIABETES,ICD10DX,ANY,E09.3493
DIABETES,ICD10DX,ANY,E09.3499
DIABETES,ICD10DX,ANY,E09.351
DIABETES,ICD10DX,ANY,E09.3511
DIABETES,ICD10DX,ANY,E09.3512
DIABETES,ICD10DX,ANY,E09.3513
DIABETES,ICD10DX,ANY,E09.3519
DIABETES,ICD10DX,ANY,E09.3521
DIABETES,ICD10DX,ANY,E09.3522
DIABETES,ICD10DX,ANY,E09.3523
DIABETES,ICD10DX,ANY,E09.3529
DIABETES,ICD10DX,ANY,E09.3531
DIABETES,ICD10DX,ANY,E09.3532
DIABETES,ICD10DX,ANY,E09.3533
DIABETES,ICD10DX,ANY,E09.3539
DIABETES,ICD10DX,ANY,E09.3541
DIABETES,ICD10DX,ANY,E09.3542
DIABETES,ICD10DX,ANY,E09.3543
DIABETES,ICD10DX,ANY,E09.3549
DIABETES,ICD10DX,ANY,E09.3551
DIABETES,ICD10DX,ANY,E09.3552
DIABETES,ICD10DX,ANY,E09.3553
DIABETES,ICD10DX,ANY,E09.3559
DIABETES,ICD10DX,ANY,E09.359
DIABETES,ICD10DX,ANY,E09.3591
DIABETES,ICD10DX,ANY,E09.3592
DIABETES,ICD10DX,ANY,E09.3593
DIABETES,ICD10DX,ANY,E09.3599
DIABETES,ICD10DX,ANY,E09.36
DIABETES,ICD10DX,ANY,E09.37X1
DIABETES,ICD10DX,ANY,E09.37X2
DIABETES,ICD10DX,ANY,E09.37X3
DIABETES,ICD10DX,ANY,E09.37X9
DIABETES,ICD10DX,ANY,E09.39
DIABETES,ICD10DX,ANY,E09.40
DIABETES,ICD10DX,ANY,E09.41
DIABETES,ICD10DX,ANY,E09.42
DIABETES,ICD10DX,ANY,E09.43
DIABETES,ICD10DX,ANY,E09.44
DIABETES,ICD10DX,ANY,E09.49
DIABETES,ICD10DX,ANY,E09.51
DIABETES,ICD10DX,ANY,E09.52
DIABETES,ICD10DX,ANY,E09.59
DIABETES,ICD10DX,ANY,E09.610
DIABETES,ICD10DX,ANY,E09.618
DIABETES,ICD10DX,ANY,E09.620
DIABETES,ICD10DX,ANY,E09.621
DIABETES,ICD10DX,ANY,E09.622
DIABETES,ICD10DX,ANY,E09.628
DIABETES,ICD10DX,ANY,E09.630
DIABETES,ICD10DX,ANY,E09.638
DIABETES,ICD10DX,ANY,E09.641
DIABETES,ICD10DX,ANY,E09.649
DIABETES,ICD10DX,ANY,E09.65
DIABETES,ICD10DX,ANY,E09.69
DIABETES,ICD10DX,ANY,E09.8
DIABETES,ICD10DX,ANY,E09.9
DIABETES,ICD10DX,ANY,E10.10
DIABETES,ICD10DX,ANY,E10.11
DIABETES,ICD10DX,ANY,E10.21
DIABETES,ICD10DX,ANY,E10.22
DIABETES,ICD10DX,ANY,E10.29
DIABETES,ICD10DX,ANY,E10.311
DIABETES,ICD10DX,ANY,E10.319
DIABETES,ICD10DX,ANY,E10.321
DIABETES,ICD10DX,ANY,E10.3211
DIABETES,ICD10DX,ANY,E10.3212
DIABETES,ICD10DX,ANY,E10.3213
DIABETES,ICD10DX,ANY,E10.3219
DIABETES,ICD10DX,ANY,E10.329
DIABETES,ICD10DX,ANY,E10.3291
DIABETES,ICD10DX,ANY,E10.3292
DIABETES,ICD10DX,ANY,E10.3293
DIABETES,ICD10DX,ANY,E10.3299
DIABETES,ICD10DX,ANY,E10.331
DIABETES,ICD10DX,ANY,E10.3311
DIABETES,ICD10DX,ANY,E10.3312
DIABETES,ICD10DX,ANY,E10.3313
DIABETES,ICD10DX,ANY,E10.3319
DIABETES,ICD10DX,ANY,E10.339
DIABETES,ICD10DX,ANY,E10.3391
DIABETES,ICD10DX,ANY,E10.3392
DIABETES,ICD10DX,ANY,E10.3393
DIABETES,ICD10DX,ANY,E10.3399
DIABETES,ICD10DX,ANY,E10.341
DIABETES,ICD10DX,ANY,E10.3411
DIABETES,ICD10DX,ANY,E10.3412
DIABETES,ICD10DX,ANY,E10.3413
DIABETES,ICD10DX,ANY,E10.3419
DIABETES,ICD10DX,ANY,E10.349
DIABETES,ICD10DX,ANY,E10.3491
DIABETES,ICD10DX,ANY,E10.3492
DIABETES,ICD10DX,ANY,E10.3493
DIABETES,ICD10DX,ANY,E10.3499
DIABETES,ICD10DX,ANY,E10.351
DIABETES,ICD10DX,ANY,E10.3511
DIABETES,ICD10DX,ANY,E10.3512
DIABETES,ICD10DX,ANY,E10.3513
DIABETES,ICD10DX,ANY,E10.3519
DIABETES,ICD10DX,ANY,E10.359
DIABETES,ICD10DX,ANY,E10.36
DIABETES,ICD10DX,ANY,E10.37X1
DIABETES,ICD10DX,ANY,E10.37X2
DIABETES,ICD10DX,ANY,E10.37X3
DIABETES,ICD10DX,ANY,E10.37X9
DIABETES,ICD10DX,ANY,E10.39
DIABETES,ICD10DX,ANY,E10.40
DIABETES,ICD10DX,ANY,E10.41
DIABETES,ICD10DX,ANY,E10.42
DIABETES,ICD10DX,ANY,E10.43
DIABETES,ICD10DX,ANY,E10.44
DIABETES,ICD10DX,ANY,E10.49
DIABETES,ICD10DX,ANY,E10.51
DIABETES,ICD10DX,ANY,E10.52
DIABETES,ICD10DX,ANY,E10.59
DIABETES,ICD10DX,ANY,E10.610
DIABETES,ICD10DX,ANY,E10.618
DIABETES,ICD10DX,ANY,E10.620
DIABETES,ICD10DX,ANY,E10.621
DIABETES,ICD10DX,ANY,E10.622
DIABETES,ICD10DX,ANY,E10.628
DIABETES,ICD10DX,ANY,E10.630
DIABETES,ICD10DX,ANY,E10.638
DIABETES,ICD10DX,ANY,E10.641
DIABETES,ICD10DX,ANY,E10.649
DIABETES,ICD10DX,ANY,E10.65
DIABETES,ICD10DX,ANY,E10.69
DIABETES,ICD10DX,ANY,E10.8
DIABETES,ICD10DX,ANY,E10.9
DIABETES,ICD10DX,ANY,E11.00
DIABETES,ICD10DX,ANY,E11.01
DIABETES,ICD10DX,ANY,E11.10
DIABETES,ICD10DX,ANY,E11.11
DIABETES,ICD10DX,ANY,E11.21
DIABETES,ICD10DX,ANY,E11.22
DIABETES,ICD10DX,ANY,E11.29
DIABETES,ICD10DX,ANY,E11.311
DIABETES,ICD10DX,ANY,E11.319
DIABETES,ICD10DX,ANY,E11.321
DIABETES,ICD10DX,ANY,E11.3211
DIABETES,ICD10DX,ANY,E11.3212
DIABETES,ICD10DX,ANY,E11.3213
DIABETES,ICD10DX,ANY,E11.3219
DIABETES,ICD10DX,ANY,E11.329
DIABETES,ICD10DX,ANY,E11.3291
DIABETES,ICD10DX,ANY,E11.3292
DIABETES,ICD10DX,ANY,E11.3293
DIABETES,ICD10DX,ANY,E11.3299
DIABETES,ICD10DX,ANY,E11.331
DIABETES,ICD10DX,ANY,E11.3311
DIABETES,ICD10DX,ANY,E11.3312
DIABETES,ICD10DX,ANY,E11.3313
DIABETES,ICD10DX,ANY,E11.3319
DIABETES,ICD10DX,ANY,E11.339
DIABETES,ICD10DX,ANY,E11.3391
DIABETES,ICD10DX,ANY,E11.3392
DIABETES,ICD10DX,ANY,E11.3393
DIABETES,ICD10DX,ANY,E11.3399
DIABETES,ICD10DX,ANY,E11.341
DIABETES,ICD10DX,ANY,E11.3411
DIABETES,ICD10DX,ANY,E11.3412
DIABETES,ICD10DX,ANY,E11.3413
DIABETES,ICD10DX,ANY,E11.3419
DIABETES,ICD10DX,ANY,E11.349
DIABETES,ICD10DX,ANY,E11.3491
DIABETES,ICD10DX,ANY,E11.3492
DIABETES,ICD10DX,ANY,E11.3493
DIABETES,ICD10DX,ANY,E11.3499
DIABETES,ICD10DX,ANY,E11.351
DIABETES,ICD10DX,ANY,E11.3511
DIABETES,ICD10DX,ANY,E11.3512
DIABETES,ICD10DX,ANY,E11.3513
DIABETES,ICD10DX,ANY,E11.3519
DIABETES,ICD10DX,ANY,E11.3521
DIABETES,ICD10DX,ANY,E11.3522
DIABETES,ICD10DX,ANY,E11.3523
DIABETES,ICD10DX,ANY,E11.3529
DIABETES,ICD10DX,ANY,E11.3531
DIABETES,ICD10DX,ANY,E11.3532
DIABETES,ICD10DX,ANY,E11.3533
DIABETES,ICD10DX,ANY,E11.3539
DIABETES,ICD10DX,ANY,E11.3541
DIABETES,ICD10DX,ANY,E11.3542
DIABETES,ICD10DX,ANY,E11.3543
DIABETES,ICD10DX,ANY,E11.3549
DIABETES,ICD10DX,ANY,E11.3551
DIABETES,ICD10DX,ANY,E11.3552
DIABETES,ICD10DX,ANY,E11.3553
DIABETES,ICD10DX,ANY,E11.3559
DIABETES,ICD10DX,ANY,E11.359
DIABETES,ICD10DX,ANY,E11.3591
DIABETES,ICD10DX,ANY,E11.3592
DIABETES,ICD10DX,ANY,E11.3593
DIABETES,ICD10DX,ANY,E11.3599
DIABETES,ICD10DX,ANY,E11.36
DIABETES,ICD10DX,ANY,E11.37X1
DIABETES,ICD10DX,ANY,E11.37X2
DIABETES,ICD10DX,ANY,E11.37X3
DIABETES,ICD10DX,ANY,E11.37X9
DIABETES,ICD10DX,ANY,E11.39
DIABETES,ICD10DX,ANY,E11.40
DIABETES,ICD10DX,ANY,E11.41
DIABETES,ICD10DX,ANY,E11.42
DIABETES,ICD10DX,ANY,E11.43
DIABETES,ICD10DX,ANY,E11.44
DIABETES,ICD10DX,ANY,E11.49
DIABETES,ICD10DX,ANY,E11.51
DIABETES,ICD10DX,ANY,E11.52
DIABETES,ICD10DX,ANY,E11.59
DIABETES,ICD10DX,ANY,E11.610
DIABETES,ICD10DX,ANY,E11.618
DIABETES,ICD10DX,ANY,E11.620
DIABETES,ICD10DX,ANY,E11.621
DIABETES,ICD10DX,ANY,E11.622
DIABETES,ICD10DX,ANY,E11.628
DIABETES,ICD10DX,ANY,E11.630
DIABETES,ICD10DX,ANY,E11.638
DIABETES,ICD10DX,ANY,E11.641
DIABETES,ICD10DX,ANY,E11.649
DIABETES,ICD10DX,ANY,E11.65
DIABETES,ICD10DX,ANY,E11.69
DIABETES,ICD10DX,ANY,E11.8
DIABETES,ICD10DX,ANY,E11.9
DIABETES,ICD10DX,ANY,E13.00
DIABETES,ICD10DX,ANY,E13.01
DIABETES,ICD10DX,ANY,E13.10
DIABETES,ICD10DX,ANY,E13.11
DIABETES,ICD10DX,ANY,E13.21
DIABETES,ICD10DX,ANY,E13.22
DIABETES,ICD10DX,ANY,E13.29
DIABETES,ICD10DX,ANY,E13.311
DIABETES,ICD10DX,ANY,E13.319
DIABETES,ICD10DX,ANY,E13.321
DIABETES,ICD10DX,ANY,E13.3211
DIABETES,ICD10DX,ANY,E13.3212
DIABETES,ICD10DX,ANY,E13.3213
DIABETES,ICD10DX,ANY,E13.3219
DIABETES,ICD10DX,ANY,E13.329
DIABETES,ICD10DX,ANY,E13.3291
DIABETES,ICD10DX,ANY,E13.3292
DIABETES,ICD10DX,ANY,E13.3293
DIABETES,ICD10DX,ANY,E13.3299
DIABETES,ICD10DX,ANY,E13.331
DIABETES,ICD10DX,ANY,E13.3311
DIABETES,ICD10DX,ANY,E13.3312
DIABETES,ICD10DX,ANY,E13.3313
DIABETES,ICD10DX,ANY,E13.3319
DIABETES,ICD10DX,ANY,E13.339
DIABETES,ICD10DX,ANY,E13.3391
DIABETES,ICD10DX,ANY,E13.3392
DIABETES,ICD10DX,ANY,E13.3393
DIABETES,ICD10DX,ANY,E13.3399
DIABETES,ICD10DX,ANY,E13.341
DIABETES,ICD10DX,ANY,E13.3411
DIABETES,ICD10DX,ANY,E13.3412
DIABETES,ICD10DX,ANY,E13.3413
DIABETES,ICD10DX,ANY,E13.3419
DIABETES,ICD10DX,ANY,E13.349
DIABETES,ICD10DX,ANY,E13.3491
DIABETES,ICD10DX,ANY,E13.3492
DIABETES,ICD10DX,ANY,E13.3493
DIABETES,ICD10DX,ANY,E13.3499
DIABETES,ICD10DX,ANY,E13.351
DIABETES,ICD10DX,ANY,E13.3511
DIABETES,ICD10DX,ANY,E13.3512
DIABETES,ICD10DX,ANY,E13.3513
DIABETES,ICD10DX,ANY,E13.3519
DIABETES,ICD10DX,ANY,E13.3521
DIABETES,ICD10DX,ANY,E13.3522
DIABETES,ICD10DX,ANY,E13.3523
DIABETES,ICD10DX,ANY,E13.3529
DIABETES,ICD10DX,ANY,E13.3531
DIABETES,ICD10DX,ANY,E13.3532
DIABETES,ICD10DX,ANY,E13.3533
DIABETES,ICD10DX,ANY,E13.3539
DIABETES,ICD10DX,ANY,E13.3541
DIABETES,ICD10DX,ANY,E13.3542
DIABETES,ICD10DX,ANY,E13.3543
DIABETES,ICD10DX,ANY,E13.3549
DIABETES,ICD10DX,ANY,E13.3551
DIABETES,ICD10DX,ANY,E13.3552
DIABETES,ICD10DX,ANY,E13.3553
DIABETES,ICD10DX,ANY,E13.3559
DIABETES,ICD10DX,ANY,E13.359
DIABETES,ICD10DX,ANY,E13.36
DIABETES,ICD10DX,ANY,E13.39
DIABETES,ICD10DX,ANY,E13.40
DIABETES,ICD10DX,ANY,E13.41
DIABETES,ICD10DX,ANY,E13.42
DIABETES,ICD10DX,ANY,E13.43
DIABETES,ICD10DX,ANY,E13.44
DIABETES,ICD10DX,ANY,E13.49
DIABETES,ICD10DX,ANY,E13.51
DIABETES,ICD10DX,ANY,E13.52
DIABETES,ICD10DX,ANY,E13.59
DIABETES,ICD10DX,ANY,E13.610
DIABETES,ICD10DX,ANY,E13.618
DIABETES,ICD10DX,ANY,E13.620
DIABETES,ICD10DX,ANY,E13.621
DIABETES,ICD10DX,ANY,E13.622
DIABETES,ICD10DX,ANY,E13.628
DIABETES,ICD10DX,ANY,E13.630
DIABETES,ICD10DX,ANY,E13.638
DIABETES,ICD10DX,ANY,E13.641
DIABETES,ICD10DX,ANY,E13.649
DIABETES,ICD10DX,ANY,E13.65
DIABETES,ICD10DX,ANY,E13.69
DIABETES,ICD10DX,ANY,E13.8
DIABETES,ICD10DX,ANY,E13.9
GLAUCOMA,ICD10DX,ANY,H40.011
GLAUCOMA,ICD10DX,ANY,H40.012
GLAUCOMA,ICD10DX,ANY,H40.013
GLAUCOMA,ICD10DX,ANY,H40.019
GLAUCOMA,ICD10DX,ANY,H40.021
GLAUCOMA,ICD10DX,ANY,H40.022
GLAUCOMA,ICD10DX,ANY,H40.023
GLAUCOMA,ICD10DX,ANY,H40.029
GLAUCOMA,ICD10DX,ANY,H40.041
GLAUCOMA,ICD10DX,ANY,H40.042
GLAUCOMA,ICD10DX,ANY,H40.043
GLAUCOMA,ICD10DX,ANY,H40.049
GLAUCOMA,ICD10DX,ANY,H40.051
GLAUCOMA,ICD10DX,ANY,H40.052
GLAUCOMA,ICD10DX,ANY,H40.053
GLAUCOMA,ICD10DX,ANY,H40.059
GLAUCOMA,ICD10DX,ANY,H40.10X0
GLAUCOMA,ICD10DX,ANY,H40.10X1
GLAUCOMA,ICD10DX,ANY,H40.10X2
GLAUCOMA,ICD10DX,ANY,H40.10X3
GLAUCOMA,ICD10DX,ANY,H40.10X4
GLAUCOMA,ICD10DX,ANY,H40.1110
GLAUCOMA,ICD10DX,ANY,H40.1111
GLAUCOMA,ICD10DX,ANY,H40.1112
GLAUCOMA,ICD10DX,ANY,H40.1113
GLAUCOMA,ICD10DX,ANY,H40.1114
GLAUCOMA,ICD10DX,ANY,H40.1120
GLAUCOMA,ICD10DX,ANY,H40.1121
GLAUCOMA,ICD10DX,ANY,H40.1122
GLAUCOMA,ICD10DX,ANY,H40.1123
GLAUCOMA,ICD10DX,ANY,H40.1124
GLAUCOMA,ICD10DX,ANY,H40.1130
GLAUCOMA,ICD10DX,ANY,H40.1131
GLAUCOMA,ICD10DX,ANY,H40.1132
GLAUCOMA,ICD10DX,ANY,H40.1133
GLAUCOMA,ICD10DX,ANY,H40.1134
GLAUCOMA,ICD10DX,ANY,H40.1190
GLAUCOMA,ICD10DX,ANY,H40.1191
GLAUCOMA,ICD10DX,ANY,H40.1192
GLAUCOMA,ICD10DX,ANY,H40.1193
GLAUCOMA,ICD10DX,ANY,H40.1194
GLAUCOMA,ICD10DX,ANY,H40.11X0
GLAUCOMA,ICD10DX,ANY,H40.11X1
GLAUCOMA,ICD10DX,ANY,H40.11X2
GLAUCOMA,ICD10DX,ANY,H40.11X3
GLAUCOMA,ICD10DX,ANY,H40.11X4
GLAUCOMA,ICD10DX,ANY,H40.1210
GLAUCOMA,ICD10DX,ANY,H40.1211
GLAUCOMA,ICD10DX,ANY,H40.1212
GLAUCOMA,ICD10DX,ANY,H40.1213
GLAUCOMA,ICD10DX,ANY,H40.1214
GLAUCOMA,ICD10DX,ANY,H40.1220
GLAUCOMA,ICD10DX,ANY,H40.1221
GLAUCOMA,ICD10DX,ANY,H40.1222
GLAUCOMA,ICD10DX,ANY,H40.1223
GLAUCOMA,ICD10DX,ANY,H40.1224
GLAUCOMA,ICD10DX,ANY,H40.1230
GLAUCOMA,ICD10DX,ANY,H40.1231
GLAUCOMA,ICD10DX,ANY,H40.1232
GLAUCOMA,ICD10DX,ANY,H40.1233
GLAUCOMA,ICD10DX,ANY,H40.1234
GLAUCOMA,ICD10DX,ANY,H40.1290
GLAUCOMA,ICD10DX,ANY,H40.1291
GLAUCOMA,ICD10DX,ANY,H40.1292
GLAUCOMA,ICD10DX,ANY,H40.1293
GLAUCOMA,ICD10DX,ANY,H40.1294
GLAUCOMA,ICD10DX,ANY,H40.1310
GLAUCOMA,ICD10DX,ANY,H40.1311
GLAUCOMA,ICD10DX,ANY,H40.1312
GLAUCOMA,ICD10DX,ANY,H40.1313
GLAUCOMA,ICD10DX,ANY,H40.1314
GLAUCOMA,ICD10DX,ANY,H40.1320
GLAUCOMA,ICD10DX,ANY,H40.1321
GLAUCOMA,ICD10DX,ANY,H40.1322
GLAUCOMA,ICD10DX,ANY,H40.1323
GLAUCOMA,ICD10DX,ANY,H40.1324
GLAUCOMA,ICD10DX,ANY,H40.1330
GLAUCOMA,ICD10DX,ANY,H40.1331
GLAUCOMA,ICD10DX,ANY,H40.1332
GLAUCOMA,ICD10DX,ANY,H40.1333
GLAUCOMA,ICD10DX,ANY,H40.1334
GLAUCOMA,ICD10DX,ANY,H40.1390
GLAUCOMA,ICD10DX,ANY,H40.1391
GLAUCOMA,ICD10DX,ANY,H40.1392
GLAUCOMA,ICD10DX,ANY,H40.1393
GLAUCOMA,ICD10DX,ANY,H40.1394
GLAUCOMA,ICD10DX,ANY,H40.1410
GLAUCOMA,ICD10DX,ANY,H40.1411
GLAUCOMA,ICD10DX,ANY,H40.1412
GLAUCOMA,ICD10DX,ANY,H40.1413
GLAUCOMA,ICD10DX,ANY,H40.1414
GLAUCOMA,ICD10DX,ANY,H40.1420
GLAUCOMA,ICD10DX,ANY,H40.1421
GLAUCOMA,ICD10DX,ANY,H40.1422
GLAUCOMA,ICD10DX,ANY,H40.1423
GLAUCOMA,ICD10DX,ANY,H40.1424
GLAUCOMA,ICD10DX,ANY,H40.1430
GLAUCOMA,ICD10DX,ANY,H40.1431
GLAUCOMA,ICD10DX,ANY,H40.1432
GLAUCOMA,ICD10DX,ANY,H40.1433
GLAUCOMA,ICD10DX,ANY,H40.1434
GLAUCOMA,ICD10DX,ANY,H40.1490
GLAUCOMA,ICD10DX,ANY,H40.1491
GLAUCOMA,ICD10DX,ANY,H40.1492
GLAUCOMA,ICD10DX,ANY,H40.1493
GLAUCOMA,ICD10DX,ANY,H40.1494
GLAUCOMA,ICD10DX,ANY,H40.151
GLAUCOMA,ICD10DX,ANY,H40.152
GLAUCOMA,ICD10DX,ANY,H40.153
GLAUCOMA,ICD10DX,ANY,H40.159
GLAUCOMA,ICD10DX,ANY,H40.20X0
GLAUCOMA,ICD10DX,ANY,H40.20X1
GLAUCOMA,ICD10DX,ANY,H40.20X2
GLAUCOMA,ICD10DX,ANY,H40.20X3
GLAUCOMA,ICD10DX,ANY,H40.20X4
GLAUCOMA,ICD10DX,ANY,H40.211
GLAUCOMA,ICD10DX,ANY,H40.212
GLAUCOMA,ICD10DX,ANY,H40.213
GLAUCOMA,ICD10DX,ANY,H40.219
GLAUCOMA,ICD10DX,ANY,H40.2210
GLAUCOMA,ICD10DX,ANY,H40.2211
GLAUCOMA,ICD10DX,ANY,H40.2212
GLAUCOMA,ICD10DX,ANY,H40.2213
GLAUCOMA,ICD10DX,ANY,H40.2214
GLAUCOMA,ICD10DX,ANY,H40.2220
GLAUCOMA,ICD10DX,ANY,H40.2221
GLAUCOMA,ICD10DX,ANY,H40.2222
GLAUCOMA,ICD10DX,ANY,H40.2223
GLAUCOMA,ICD10DX,ANY,H40.2224
GLAUCOMA,ICD10DX,ANY,H40.2230
GLAUCOMA,ICD10DX,ANY,H40.2231
GLAUCOMA,ICD10DX,ANY,H40.2232
GLAUCOMA,ICD10DX,ANY,H40.2233
GLAUCOMA,ICD10DX,ANY,H40.2234
GLAUCOMA,ICD10DX,ANY,H40.2290
GLAUCOMA,ICD10DX,ANY,H40.2291
GLAUCOMA,ICD10DX,ANY,H40.2292
GLAUCOMA,ICD10DX,ANY,H40.2293
GLAUCOMA,ICD10DX,ANY,H40.2294
GLAUCOMA,ICD10DX,ANY,H40.231
GLAUCOMA,ICD10DX,ANY,H40.232
GLAUCOMA,ICD10DX,ANY,H40.233
GLAUCOMA,ICD10DX,ANY,H40.239
GLAUCOMA,ICD10DX,ANY,H40.241
GLAUCOMA,ICD10DX,ANY,H40.242
GLAUCOMA,ICD10DX,ANY,H40.243
GLAUCOMA,ICD10DX,ANY,H40.249
GLAUCOMA,ICD10DX,ANY,H40.30X0
GLAUCOMA,ICD10DX,ANY,H40.30X1
GLAUCOMA,ICD10DX,ANY,H40.30X2
GLAUCOMA,ICD10DX,ANY,H40.30X3
GLAUCOMA,ICD10DX,ANY,H40.30X4
GLAUCOMA,ICD10DX,ANY,H40.31X0
GLAUCOMA,ICD10DX,ANY,H40.31X1
GLAUCOMA,ICD10DX,ANY,H40.31X2
GLAUCOMA,ICD10DX,ANY,H40.31X3
GLAUCOMA,ICD10DX,ANY,H40.31X4
GLAUCOMA,ICD10DX,ANY,H40.32X0
GLAUCOMA,ICD10DX,ANY,H40.32X1
GLAUCOMA,ICD10DX,ANY,H40.32X2
GLAUCOMA,ICD10DX,ANY,H40.32X3
GLAUCOMA,ICD10DX,ANY,H40.32X4
GLAUCOMA,ICD10DX,ANY,H40.33X0
GLAUCOMA,ICD10DX,ANY,H40.33X1
GLAUCOMA,ICD10DX,ANY,H40.33X2
GLAUCOMA,ICD10DX,ANY,H40.33X3
GLAUCOMA,ICD10DX,ANY,H40.33X4
GLAUCOMA,ICD10DX,ANY,H40.40X0
GLAUCOMA,ICD10DX,ANY,H40.40X1
GLAUCOMA,ICD10DX,ANY,H40.40X2
GLAUCOMA,ICD10DX,ANY,H40.40X3
GLAUCOMA,ICD10DX,ANY,H40.40X4
GLAUCOMA,ICD10DX,ANY,H40.41X0
GLAUCOMA,ICD10DX,ANY,H40.41X1
GLAUCOMA,ICD10DX,ANY,H40.41X2
GLAUCOMA,ICD10DX,ANY,H40.41X3
GLAUCOMA,ICD10DX,ANY,H40.41X4
GLAUCOMA,ICD10DX,ANY,H40.42X0
GLAUCOMA,ICD10DX,ANY,H40.42X1
GLAUCOMA,ICD10DX,ANY,H40.42X2
GLAUCOMA,ICD10DX,ANY,H40.42X3
GLAUCOMA,ICD10DX,ANY,H40.42X4
GLAUCOMA,ICD10DX,ANY,H40.43X0
GLAUCOMA,ICD10DX,ANY,H40.43X1
GLAUCOMA,ICD10DX,ANY,H40.43X2
GLAUCOMA,ICD10DX,ANY,H40.43X3
GLAUCOMA,ICD10DX,ANY,H40.43X4
GLAUCOMA,ICD10DX,ANY,H40.50X0
GLAUCOMA,ICD10DX,ANY,H40.50X1
GLAUCOMA,ICD10DX,ANY,H40.50X2
GLAUCOMA,ICD10DX,ANY,H40.50X3
GLAUCOMA,ICD10DX,ANY,H40.50X4
GLAUCOMA,ICD10DX,ANY,H40.51X0
GLAUCOMA,ICD10DX,ANY,H40.51X1
GLAUCOMA,ICD10DX,ANY,H40.51X2
GLAUCOMA,ICD10DX,ANY,H40.51X3
GLAUCOMA,ICD10DX,ANY,H40.51X4
GLAUCOMA,ICD10DX,ANY,H40.52X0
GLAUCOMA,ICD10DX,ANY,H40.52X1
GLAUCOMA,ICD10DX,ANY,H40.52X2
GLAUCOMA,ICD10DX,ANY,H40.52X3
GLAUCOMA,ICD10DX,ANY,H40.52X4
GLAUCOMA,ICD10DX,ANY,H40.53X0
GLAUCOMA,ICD10DX,ANY,H40.53X1
GLAUCOMA,ICD10DX,ANY,H40.53X2
GLAUCOMA,ICD10DX,ANY,H40.53X3
GLAUCOMA,ICD10DX,ANY,H40.53X4
GLAUCOMA,ICD10DX,ANY,H40.60X0
GLAUCOMA,ICD10DX,ANY,H40.60X1
GLAUCOMA,ICD10DX,ANY,H40.60X2
GLAUCOMA,ICD10DX,ANY,H40.60X3
GLAUCOMA,ICD10DX,ANY,H40.60X4
GLAUCOMA,ICD10DX,ANY,H40.61X0
GLAUCOMA,ICD10DX,ANY,H40.61X1
GLAUCOMA,ICD10DX,ANY,H40.61X2
GLAUCOMA,ICD10DX,ANY,H40.61X3
GLAUCOMA,ICD10DX,ANY,H40.61X4
GLAUCOMA,ICD10DX,ANY,H40.62X0
GLAUCOMA,ICD10DX,ANY,H40.62X1
GLAUCOMA,ICD10DX,ANY,H40.62X2
GLAUCOMA,ICD10DX,ANY,H40.62X3
GLAUCOMA,ICD10DX,ANY,H40.62X4
GLAUCOMA,ICD10DX,ANY,H40.63X0
GLAUCOMA,ICD10DX,ANY,H40.63X1
GLAUCOMA,ICD10DX,ANY,H40.63X2
GLAUCOMA,ICD10DX,ANY,H40.63X3
GLAUCOMA,ICD10DX,ANY,H40.63X4
GLAUCOMA,ICD10DX,ANY,H40.811
GLAUCOMA,ICD10DX,ANY,H40.812
GLAUCOMA,ICD10DX,ANY,H40.813
GLAUCOMA,ICD10DX,ANY,H40.819
GLAUCOMA,ICD10DX,ANY,H40.821
GLAUCOMA,ICD10DX,ANY,H40.822
GLAUCOMA,ICD10DX,ANY,H40.823
GLAUCOMA,ICD10DX,ANY,H40.829
GLAUCOMA,ICD10DX,ANY,H40.831
GLAUCOMA,ICD10DX,ANY,H40.832
GLAUCOMA,ICD10DX,ANY,H40.833
GLAUCOMA,ICD10DX,ANY,H40.839
GLAUCOMA,ICD10DX,ANY,H40.89
GLAUCOMA,ICD10DX,ANY,H40.9
GLAUCOMA,ICD10DX,ANY,H42
GLAUCOMA,ICD10DX,ANY,H44.511
GLAUCOMA,ICD10DX,ANY,H44.512
GLAUCOMA,ICD10DX,ANY,H44.513
GLAUCOMA,ICD10DX,ANY,H44.519
GLAUCOMA,ICD10DX,ANY,H47.231
GLAUCOMA,ICD10DX,ANY,H47.232
GLAUCOMA,ICD10DX,ANY,H47.233
GLAUCOMA,ICD10DX,ANY,H47.239
GLAUCOMA,ICD10DX,ANY,Q15.0
HIPFRAC,ICD10DX,ANY,M80.051A
HIPFRAC,ICD10DX,ANY,M80.052A
HIPFRAC,ICD10DX,ANY,M80.059A
HIPFRAC,ICD10DX,ANY,M80.851A
HIPFRAC,ICD10DX,ANY,M80.852A
HIPFRAC,ICD10DX,ANY,M80.859A
HIPFRAC,ICD10DX,ANY,M84.350A
HIPFRAC,ICD10DX,ANY,M84.351A
HIPFRAC,ICD10DX,ANY,M84.352A
HIPFRAC,ICD10DX,ANY,M84.353A
HIPFRAC,ICD10DX,ANY,M84.359A
HIPFRAC,ICD10DX,ANY,M84.451A
HIPFRAC,ICD10DX,ANY,M84.452A
HIPFRAC,ICD10DX,ANY,M84.453A
HIPFRAC,ICD10DX,ANY,M84.459A
HIPFRAC,ICD10DX,ANY,M84.550A
HIPFRAC,ICD10DX,ANY,M84.551A
HIPFRAC,ICD10DX,ANY,M84.552A
HIPFRAC,ICD10DX,ANY,M84.553A
HIPFRAC,ICD10DX,ANY,M84.559A
HIPFRAC,ICD10DX,ANY,M84.650A
HIPFRAC,ICD10DX,ANY,M84.651A
HIPFRAC,ICD10DX,ANY,M84.652A
HIPFRAC,ICD10DX,ANY,M84.653A
HIPFRAC,ICD10DX,ANY,M84.659A
HIPFRAC,ICD10DX,ANY,M97.01XA
HIPFRAC,ICD10DX,ANY,M97.02XA
HIPFRAC,ICD10DX,ANY,S32.301A
HIPFRAC,ICD10DX,ANY,S32.301B
HIPFRAC,ICD10DX,ANY,S32.302A
HIPFRAC,ICD10DX,ANY,S32.302B
HIPFRAC,ICD10DX,ANY,S32.309A
HIPFRAC,ICD10DX,ANY,S32.309B
HIPFRAC,ICD10DX,ANY,S32.311A
HIPFRAC,ICD10DX,ANY,S32.311B
HIPFRAC,ICD10DX,ANY,S32.312A
HIPFRAC,ICD10DX,ANY,S32.312B
HIPFRAC,ICD10DX,ANY,S32.313A
HIPFRAC,ICD10DX,ANY,S32.313B
HIPFRAC,ICD10DX,ANY,S32.314A
HIPFRAC,ICD10DX,ANY,S32.314B
HIPFRAC,ICD10DX,ANY,S32.315A
HIPFRAC,ICD10DX,ANY,S32.315B
HIPFRAC,ICD10DX,ANY,S32.316A
HIPFRAC,ICD10DX,ANY,S32.316B
HIPFRAC,ICD10DX,ANY,S32.391A
HIPFRAC,ICD10DX,ANY,S32.391B
HIPFRAC,ICD10DX,ANY,S32.392A
HIPFRAC,ICD10DX,ANY,S32.392B
HIPFRAC,ICD10DX,ANY,S32.399A
HIPFRAC,ICD10DX,ANY,S32.399B
HIPFRAC,ICD10DX,ANY,S32.401A
HIPFRAC,ICD10DX,ANY,S32.401B
HIPFRAC,ICD10DX,ANY,S32.402A
HIPFRAC,ICD10DX,ANY,S32.402B
HIPFRAC,ICD10DX,ANY,S32.409A
HIPFRAC,ICD10DX,ANY,S32.409B
HIPFRAC,ICD10DX,ANY,S32.411A
HIPFRAC,ICD10DX,ANY,S32.411B
HIPFRAC,ICD10DX,ANY,S32.412A
HIPFRAC,ICD10DX,ANY,S32.412B
HIPFRAC,ICD10DX,ANY,S32.413A
HIPFRAC,ICD10DX,ANY,S32.413B
HIPFRAC,ICD10DX,ANY,S32.414A
HIPFRAC,ICD10DX,ANY,S32.414B
HIPFRAC,ICD10DX,ANY,S32.415A
HIPFRAC,ICD10DX,ANY,S32.415B
HIPFRAC,ICD10DX,ANY,S32.416A
HIPFRAC,ICD10DX,ANY,S32.416B
HIPFRAC,ICD10DX,ANY,S32.421A
HIPFRAC,ICD10DX,ANY,S32.421B
HIPFRAC,ICD10DX,ANY,S32.422A
HIPFRAC,ICD10DX,ANY,S32.422B
HIPFRAC,ICD10DX,ANY,S32.423A
HIPFRAC,ICD10DX,ANY,S32.423B
HIPFRAC,ICD10DX,ANY,S32.424A
HIPFRAC,ICD10DX,ANY,S32.424B
HIPFRAC,ICD10DX,ANY,S32.425A
HIPFRAC,ICD10DX,ANY,S32.425B
HIPFRAC,ICD10DX,ANY,S32.426A
HIPFRAC,ICD10DX,ANY,S32.426B
HIPFRAC,ICD10DX,ANY,S32.431A
HIPFRAC,ICD10DX,ANY,S32.431B
HIPFRAC,ICD10DX,ANY,S32.432A
HIPFRAC,ICD10DX,ANY,S32.432B
HIPFRAC,ICD10DX,ANY,S32.433A
HIPFRAC,ICD10DX,ANY,S32.433B
HIPFRAC,ICD10DX,ANY,S32.434A
HIPFRAC,ICD10DX,ANY,S32.434B
HIPFRAC,ICD10DX,ANY,S32.435A
HIPFRAC,ICD10DX,ANY,S32.435B
HIPFRAC,ICD10DX,ANY,S32.436A
HIPFRAC,ICD10DX,ANY,S32.436B
HIPFRAC,ICD10DX,ANY,S32.441A
HIPFRAC,ICD10DX,ANY,S32.441B
HIPFRAC,ICD10DX,ANY,S32.442A
HIPFRAC,ICD10DX,ANY,S32.442B
HIPFRAC,ICD10DX,ANY,S32.443A
HIPFRAC,ICD10DX,ANY,S32.443B
HIPFRAC,ICD10DX,ANY,S32.444A
HIPFRAC,ICD10DX,ANY,S32.444B
HIPFRAC,ICD10DX,ANY,S32.445A
HIPFRAC,ICD10DX,ANY,S32.445B
HIPFRAC,ICD10DX,ANY,S32.446A
HIPFRAC,ICD10DX,ANY,S32.446B
HIPFRAC,ICD10DX,ANY,S32.451A
HIPFRAC,ICD10DX,ANY,S32.451B
HIPFRAC,ICD10DX,ANY,S32.452A
HIPFRAC,ICD10DX,ANY,S32.452B
HIPFRAC,ICD10DX,ANY,S32.453A
HIPFRAC,ICD10DX,ANY,S32.453B
HIPFRAC,ICD10DX,ANY,S32.454A
HIPFRAC,ICD10DX,ANY,S32.454B
HIPFRAC,ICD10DX,ANY,S32.455A
HIPFRAC,ICD10DX,ANY,S32.455B
HIPFRAC,ICD10DX,ANY,S32.456A
HIPFRAC,ICD10DX,ANY,S32.456B
HIPFRAC,ICD10DX,ANY,S32.461A
HIPFRAC,ICD10DX,ANY,S32.461B
HIPFRAC,ICD10DX,ANY,S32.462A
HIPFRAC,ICD10DX,ANY,S32.462B
HIPFRAC,ICD10DX,ANY,S32.463A
HIPFRAC,ICD10DX,ANY,S32.463B
HIPFRAC,ICD10DX,ANY,S32.464A
HIPFRAC,ICD10DX,ANY,S32.464B
HIPFRAC,ICD10DX,ANY,S32.465A
HIPFRAC,ICD10DX,ANY,S32.465B
HIPFRAC,ICD10DX,ANY,S32.466A
HIPFRAC,ICD10DX,ANY,S32.466B
HIPFRAC,ICD10DX,ANY,S32.471A
HIPFRAC,ICD10DX,ANY,S32.471B
HIPFRAC,ICD10DX,ANY,S32.472A
HIPFRAC,ICD10DX,ANY,S32.472B
HIPFRAC,ICD10DX,ANY,S32.473A
HIPFRAC,ICD10DX,ANY,S32.473B
HIPFRAC,ICD10DX,ANY,S32.474A
HIPFRAC,ICD10DX,ANY,S32.474B
HIPFRAC,ICD10DX,ANY,S32.475A
HIPFRAC,ICD10DX,ANY,S32.475B
HIPFRAC,ICD10DX,ANY,S32.476A
HIPFRAC,ICD10DX,ANY,S32.476B
HIPFRAC,ICD10DX,ANY,S32.481A
HIPFRAC,ICD10DX,ANY,S32.481B
HIPFRAC,ICD10DX,ANY,S32.482A
HIPFRAC,ICD10DX,ANY,S32.482B
HIPFRAC,ICD10DX,ANY,S32.483A
HIPFRAC,ICD10DX,ANY,S32.483B
HIPFRAC,ICD10DX,ANY,S32.484A
HIPFRAC,ICD10DX,ANY,S32.484B
HIPFRAC,ICD10DX,ANY,S32.485A
HIPFRAC,ICD10DX,ANY,S32.485B
HIPFRAC,ICD10DX,ANY,S32.486A
HIPFRAC,ICD10DX,ANY,S32.486B
HIPFRAC,ICD10DX,ANY,S32.491A
HIPFRAC,ICD10DX,ANY,S32.491B
HIPFRAC,ICD10DX,ANY,S32.492A
HIPFRAC,ICD10DX,ANY,S32.492B
HIPFRAC,ICD10DX,ANY,S32.499A
HIPFRAC,ICD10DX,ANY,S32.499B
HIPFRAC,ICD10DX,ANY,S32.501A
HIPFRAC,ICD10DX,ANY,S32.501B
HIPFRAC,ICD10DX,ANY,S32.502A
HIPFRAC,ICD10DX,ANY,S32.502B
HIPFRAC,ICD10DX,ANY,S32.509A
HIPFRAC,ICD10DX,ANY,S32.509B
HIPFRAC,ICD10DX,ANY,S32.511A
HIPFRAC,ICD10DX,ANY,S32.511B
HIPFRAC,ICD10DX,ANY,S32.512A
HIPFRAC,ICD10DX,ANY,S32.512B
HIPFRAC,ICD10DX,ANY,S32.519A
HIPFRAC,ICD10DX,ANY,S32.519B
HIPFRAC,ICD10DX,ANY,S32.591A
HIPFRAC,ICD10DX,ANY,S32.591B
HIPFRAC,ICD10DX,ANY,S32.592A
HIPFRAC,ICD10DX,ANY,S32.592B
HIPFRAC,ICD10DX,ANY,S32.599A
HIPFRAC,ICD10DX,ANY,S32.599B
HIPFRAC,ICD10DX,ANY,S32.601A
HIPFRAC,ICD10DX,ANY,S32.601B
HIPFRAC,ICD10DX,ANY,S32.602A
HIPFRAC,ICD10DX,ANY,S32.602B
HIPFRAC,ICD10DX,ANY,S32.609A
HIPFRAC,ICD10DX,ANY,S32.609B
HIPFRAC,ICD10DX,ANY,S32.611A
HIPFRAC,ICD10DX,ANY,S32.611B
HIPFRAC,ICD10DX,ANY,S32.612A
HIPFRAC,ICD10DX,ANY,S32.612B
HIPFRAC,ICD10DX,ANY,S32.613A
HIPFRAC,ICD10DX,ANY,S32.613B
HIPFRAC,ICD10DX,ANY,S32.614A
HIPFRAC,ICD10DX,ANY,S32.614B
HIPFRAC,ICD10DX,ANY,S32.615A
HIPFRAC,ICD10DX,ANY,S32.615B
HIPFRAC,ICD10DX,ANY,S32.616A
HIPFRAC,ICD10DX,ANY,S32.616B
HIPFRAC,ICD10DX,ANY,S32.691A
HIPFRAC,ICD10DX,ANY,S32.691B
HIPFRAC,ICD10DX,ANY,S32.692A
HIPFRAC,ICD10DX,ANY,S32.692B
HIPFRAC,ICD10DX,ANY,S32.699A
HIPFRAC,ICD10DX,ANY,S32.699B
HIPFRAC,ICD10DX,ANY,S32.810A
HIPFRAC,ICD10DX,ANY,S32.810B
HIPFRAC,ICD10DX,ANY,S32.811A
HIPFRAC,ICD10DX,ANY,S32.811B
HIPFRAC,ICD10DX,ANY,S32.82XA
HIPFRAC,ICD10DX,ANY,S32.82XB
HIPFRAC,ICD10DX,ANY,S32.89XA
HIPFRAC,ICD10DX,ANY,S32.89XB
HIPFRAC,ICD10DX,ANY,S32.9XXA
HIPFRAC,ICD10DX,ANY,S32.9XXB
HIPFRAC,ICD10DX,ANY,S72.001A
HIPFRAC,ICD10DX,ANY,S72.001B
HIPFRAC,ICD10DX,ANY,S72.001C
HIPFRAC,ICD10DX,ANY,S72.002A
HIPFRAC,ICD10DX,ANY,S72.002B
HIPFRAC,ICD10DX,ANY,S72.002C
HIPFRAC,ICD10DX,ANY,S72.009A
HIPFRAC,ICD10DX,ANY,S72.009B
HIPFRAC,ICD10DX,ANY,S72.009C
HIPFRAC,ICD10DX,ANY,S72.011A
HIPFRAC,ICD10DX,ANY,S72.011B
HIPFRAC,ICD10DX,ANY,S72.011C
HIPFRAC,ICD10DX,ANY,S72.012A
HIPFRAC,ICD10DX,ANY,S72.012B
HIPFRAC,ICD10DX,ANY,S72.012C
HIPFRAC,ICD10DX,ANY,S72.019A
HIPFRAC,ICD10DX,ANY,S72.019B
HIPFRAC,ICD10DX,ANY,S72.019C
HIPFRAC,ICD10DX,ANY,S72.021A
HIPFRAC,ICD10DX,ANY,S72.021B
HIPFRAC,ICD10DX,ANY,S72.021C
HIPFRAC,ICD10DX,ANY,S72.022A
HIPFRAC,ICD10DX,ANY,S72.022B
HIPFRAC,ICD10DX,ANY,S72.022C
HIPFRAC,ICD10DX,ANY,S72.023A
HIPFRAC,ICD10DX,ANY,S72.023B
HIPFRAC,ICD10DX,ANY,S72.023C
HIPFRAC,ICD10DX,ANY,S72.024A
HIPFRAC,ICD10DX,ANY,S72.024B
HIPFRAC,ICD10DX,ANY,S72.024C
HIPFRAC,ICD10DX,ANY,S72.025A
HIPFRAC,ICD10DX,ANY,S72.025B
HIPFRAC,ICD10DX,ANY,S72.025C
HIPFRAC,ICD10DX,ANY,S72.026A
HIPFRAC,ICD10DX,ANY,S72.026B
HIPFRAC,ICD10DX,ANY,S72.026C
HIPFRAC,ICD10DX,ANY,S72.031A
HIPFRAC,ICD10DX,ANY,S72.031B
HIPFRAC,ICD10DX,ANY,S72.031C
HIPFRAC,ICD10DX,ANY,S72.032A
HIPFRAC,ICD10DX,ANY,S72.032B
HIPFRAC,ICD10DX,ANY,S72.032C
HIPFRAC,ICD10DX,ANY,S72.033A
HIPFRAC,ICD10DX,ANY,S72.033B
HIPFRAC,ICD10DX,ANY,S72.033C
HIPFRAC,ICD10DX,ANY,S72.034A
HIPFRAC,ICD10DX,ANY,S72.034B
HIPFRAC,ICD10DX,ANY,S72.034C
HIPFRAC,ICD10DX,ANY,S72.035A
HIPFRAC,ICD10DX,ANY,S72.035B
HIPFRAC,ICD10DX,ANY,S72.035C
HIPFRAC,ICD10DX,ANY,S72.036A
HIPFRAC,ICD10DX,ANY,S72.036B
HIPFRAC,ICD10DX,ANY,S72.036C
HIPFRAC,ICD10DX,ANY,S72.041A
HIPFRAC,ICD10DX,ANY,S72.041B
HIPFRAC,ICD10DX,ANY,S72.041C
HIPFRAC,ICD10DX,ANY,S72.042A
HIPFRAC,ICD10DX,ANY,S72.042B
HIPFRAC,ICD10DX,ANY,S72.042C
HIPFRAC,ICD10DX,ANY,S72.043A
HIPFRAC,ICD10DX,ANY,S72.043B
HIPFRAC,ICD10DX,ANY,S72.043C
HIPFRAC,ICD10DX,ANY,S72.044A
HIPFRAC,ICD10DX,ANY,S72.044B
HIPFRAC,ICD10DX,ANY,S72.044C
HIPFRAC,ICD10DX,ANY,S72.045A
HIPFRAC,ICD10DX,ANY,S72.045B
HIPFRAC,ICD10DX,ANY,S72.045C
HIPFRAC,ICD10DX,ANY,S72.046A
HIPFRAC,ICD10DX,ANY,S72.046B
HIPFRAC,ICD10DX,ANY,S72.046C
HIPFRAC,ICD10DX,ANY,S72.051A
HIPFRAC,ICD10DX,ANY,S72.051B
HIPFRAC,ICD10DX,ANY,S72.051C
HIPFRAC,ICD10DX,ANY,S72.052A
HIPFRAC,ICD10DX,ANY,S72.052B
HIPFRAC,ICD10DX,ANY,S72.052C
HIPFRAC,ICD10DX,ANY,S72.059A
HIPFRAC,ICD10DX,ANY,S72.059B
HIPFRAC,ICD10DX,ANY,S72.059C
HIPFRAC,ICD10DX,ANY,S72.061A
HIPFRAC,ICD10DX,ANY,S72.061B
HIPFRAC,ICD10DX,ANY,S72.061C
HIPFRAC,ICD10DX,ANY,S72.062A
HIPFRAC,ICD10DX,ANY,S72.062B
HIPFRAC,ICD10DX,ANY,S72.062C
HIPFRAC,ICD10DX,ANY,S72.063A
HIPFRAC,ICD10DX,ANY,S72.063B
HIPFRAC,ICD10DX,ANY,S72.063C
HIPFRAC,ICD10DX,ANY,S72.064A
HIPFRAC,ICD10DX,ANY,S72.064B
HIPFRAC,ICD10DX,ANY,S72.064C
HIPFRAC,ICD10DX,ANY,S72.065A
HIPFRAC,ICD10DX,ANY,S72.065B
HIPFRAC,ICD10DX,ANY,S72.065C
HIPFRAC,ICD10DX,ANY,S72.066A
HIPFRAC,ICD10DX,ANY,S72.066B
HIPFRAC,ICD10DX,ANY,S72.066C
HIPFRAC,ICD10DX,ANY,S72.091A
HIPFRAC,ICD10DX,ANY,S72.091B
HIPFRAC,ICD10DX,ANY,S72.091C
HIPFRAC,ICD10DX,ANY,S72.092A
HIPFRAC,ICD10DX,ANY,S72.092B
HIPFRAC,ICD10DX,ANY,S72.092C
HIPFRAC,ICD10DX,ANY,S72.099A
HIPFRAC,ICD10DX,ANY,S72.099B
HIPFRAC,ICD10DX,ANY,S72.099C
HIPFRAC,ICD10DX,ANY,S72.101A
HIPFRAC,ICD10DX,ANY,S72.101B
HIPFRAC,ICD10DX,ANY,S72.101C
HIPFRAC,ICD10DX,ANY,S72.102A
HIPFRAC,ICD10DX,ANY,S72.102B
HIPFRAC,ICD10DX,ANY,S72.102C
HIPFRAC,ICD10DX,ANY,S72.109A
HIPFRAC,ICD10DX,ANY,S72.109B
HIPFRAC,ICD10DX,ANY,S72.109C
HIPFRAC,ICD10DX,ANY,S72.111A
HIPFRAC,ICD10DX,ANY,S72.111B
HIPFRAC,ICD10DX,ANY,S72.111C
HIPFRAC,ICD10DX,ANY,S72.112A
HIPFRAC,ICD10DX,ANY,S72.112B
HIPFRAC,ICD10DX,ANY,S72.112C
HIPFRAC,ICD10DX,ANY,S72.113A
HIPFRAC,ICD10DX,ANY,S72.113B
HIPFRAC,ICD10DX,ANY,S72.113C
HIPFRAC,ICD10DX,ANY,S72.114A
HIPFRAC,ICD10DX,ANY,S72.114B
HIPFRAC,ICD10DX,ANY,S72.114C
HIPFRAC,ICD10DX,ANY,S72.115A
HIPFRAC,ICD10DX,ANY,S72.115B
HIPFRAC,ICD10DX,ANY,S72.115C
HIPFRAC,ICD10DX,ANY,S72.116A
HIPFRAC,ICD10DX,ANY,S72.116B
HIPFRAC,ICD10DX,ANY,S72.116C
HIPFRAC,ICD10DX,ANY,S72.121A
HIPFRAC,ICD10DX,ANY,S72.121B
HIPFRAC,ICD10DX,ANY,S72.121C
HIPFRAC,ICD10DX,ANY,S72.122A
HIPFRAC,ICD10DX,ANY,S72.122B
HIPFRAC,ICD10DX,ANY,S72.122C
HIPFRAC,ICD10DX,ANY,S72.123A
HIPFRAC,ICD10DX,ANY,S72.123B
HIPFRAC,ICD10DX,ANY,S72.123C
HIPFRAC,ICD10DX,ANY,S72.124A
HIPFRAC,ICD10DX,ANY,S72.124B
HIPFRAC,ICD10DX,ANY,S72.124C
HIPFRAC,ICD10DX,ANY,S72.125A
HIPFRAC,ICD10DX,ANY,S72.125B
HIPFRAC,ICD10DX,ANY,S72.125C
HIPFRAC,ICD10DX,ANY,S72.126A
HIPFRAC,ICD10DX,ANY,S72.126B
HIPFRAC,ICD10DX,ANY,S72.126C
HIPFRAC,ICD10DX,ANY,S72.131A
HIPFRAC,ICD10DX,ANY,S72.131B
HIPFRAC,ICD10DX,ANY,S72.131C
HIPFRAC,ICD10DX,ANY,S72.132A
HIPFRAC,ICD10DX,ANY,S72.132B
HIPFRAC,ICD10DX,ANY,S72.132C
HIPFRAC,ICD10DX,ANY,S72.133A
HIPFRAC,ICD10DX,ANY,S72.133B
HIPFRAC,ICD10DX,ANY,S72.133C
HIPFRAC,ICD10DX,ANY,S72.134A
HIPFRAC,ICD10DX,ANY,S72.134B
HIPFRAC,ICD10DX,ANY,S72.134C
HIPFRAC,ICD10DX,ANY,S72.135A
HIPFRAC,ICD10DX,ANY,S72.135B
HIPFRAC,ICD10DX,ANY,S72.135C
HIPFRAC,ICD10DX,ANY,S72.136A
HIPFRAC,ICD10DX,ANY,S72.136B
HIPFRAC,ICD10DX,ANY,S72.136C
HIPFRAC,ICD10DX,ANY,S72.141A
HIPFRAC,ICD10DX,ANY,S72.141B
HIPFRAC,ICD10DX,ANY,S72.141C
HIPFRAC,ICD10DX,ANY,S72.142A
HIPFRAC,ICD10DX,ANY,S72.142B
HIPFRAC,ICD10DX,ANY,S72.142C
HIPFRAC,ICD10DX,ANY,S72.143A
HIPFRAC,ICD10DX,ANY,S72.143B
HIPFRAC,ICD10DX,ANY,S72.143C
HIPFRAC,ICD10DX,ANY,S72.144A
HIPFRAC,ICD10DX,ANY,S72.144B
HIPFRAC,ICD10DX,ANY,S72.144C
HIPFRAC,ICD10DX,ANY,S72.145A
HIPFRAC,ICD10DX,ANY,S72.145B
HIPFRAC,ICD10DX,ANY,S72.145C
HIPFRAC,ICD10DX,ANY,S72.146A
HIPFRAC,ICD10DX,ANY,S72.146B
HIPFRAC,ICD10DX,ANY,S72.146C
HIPFRAC,ICD10DX,ANY,S72.21XA
HIPFRAC,ICD10DX,ANY,S72.21XB
HIPFRAC,ICD10DX,ANY,S72.21XC
HIPFRAC,ICD10DX,ANY,S72.22XA
HIPFRAC,ICD10DX,ANY,S72.22XB
HIPFRAC,ICD10DX,ANY,S72.22XC
HIPFRAC,ICD10DX,ANY,S72.23XA
HIPFRAC,ICD10DX,ANY,S72.23XB
HIPFRAC,ICD10DX,ANY,S72.23XC
HIPFRAC,ICD10DX,ANY,S72.24XA
HIPFRAC,ICD10DX,ANY,S72.24XB
HIPFRAC,ICD10DX,ANY,S72.24XC
HIPFRAC,ICD10DX,ANY,S72.25XA
HIPFRAC,ICD10DX,ANY,S72.25XB
HIPFRAC,ICD10DX,ANY,S72.25XC
HIPFRAC,ICD10DX,ANY,S72.26XA
HIPFRAC,ICD10DX,ANY,S72.26XB
HIPFRAC,ICD10DX,ANY,S72.26XC
HIPFRAC,ICD10DX,ANY,S79.001A
HIPFRAC,ICD10DX,ANY,S79.002A
HIPFRAC,ICD10DX,ANY,S79.009A
HIPFRAC,ICD10DX,ANY,S79.011A
HIPFRAC,ICD10DX,ANY,S79.012A
HIPFRAC,ICD10DX,ANY,S79.019A
HIPFRAC,ICD10DX,ANY,S79.091A
HIPFRAC,ICD10DX,ANY,S79.092A
HIPFRAC,ICD10DX,ANY,S79.099A
HYPERL,ICD10DX,ANY,E78.0
HYPERL,ICD10DX,ANY,E78.00
HYPERL,ICD10DX,ANY,E78.01
HYPERL,ICD10DX,ANY,E78.1
HYPERL,ICD10DX,ANY,E78.2
HYPERL,ICD10DX,ANY,E78.3
HYPERL,ICD10DX,ANY,E78.4
HYPERL,ICD10DX,ANY,E78.41
HYPERL,ICD10DX,ANY,E78.49
HYPERL,ICD10DX,ANY,E78.5
HYPERP,ICD10DX,ANY,N40.0
HYPERP,ICD10DX,ANY,N40.1
HYPERP,ICD10DX,ANY,N40.2
HYPERP,ICD10DX,ANY,N40.3
HYPERT,ICD10DX,ANY,H35.031
HYPERT,ICD10DX,ANY,H35.032
HYPERT,ICD10DX,ANY,H35.033
HYPERT,ICD10DX,ANY,H35.039
HYPERT,ICD10DX,ANY,I10
HYPERT,ICD10DX,ANY,I11.0
HYPERT,ICD10DX,ANY,I11.9
HYPERT,ICD10DX,ANY,I12.0
HYPERT,ICD10DX,ANY,I12.9
HYPERT,ICD10DX,ANY,I13.0
HYPERT,ICD10DX,ANY,I13.10
HYPERT,ICD10DX,ANY,I13.11
HYPERT,ICD10DX,ANY,I13.2
HYPERT,ICD10DX,ANY,I15.0
HYPERT,ICD10DX,ANY,I15.1
HYPERT,ICD10DX,ANY,I15.2
HYPERT,ICD10DX,ANY,I15.8
HYPERT,ICD10DX,ANY,I15.9
HYPERT,ICD10DX,ANY,I67.4
HYPERT,ICD10DX,ANY,N26.2
HYPOTH,ICD10DX,ANY,E00.0
HYPOTH,ICD10DX,ANY,E00.1
HYPOTH,ICD10DX,ANY,E00.2
HYPOTH,ICD10DX,ANY,E00.9
HYPOTH,ICD10DX,ANY,E01.8
HYPOTH,ICD10DX,ANY,E02
HYPOTH,ICD10DX,ANY,E03.0
HYPOTH,ICD10DX,ANY,E03.1
HYPOTH,ICD10DX,ANY,E03.2
HYPOTH,ICD10DX,ANY,E03.3
HYPOTH,ICD10DX,ANY,E03.4
HYPOTH,ICD10DX,ANY,E03.8
HYPOTH,ICD10DX,ANY,E03.9
HYPOTH,ICD10DX,ANY,E89.0
ISCHMCHT,ICD10DX,ANY,I20.0
ISCHMCHT,ICD10DX,ANY,I20.1
ISCHMCHT,ICD10DX,ANY,I20.8
ISCHMCHT,ICD10DX,ANY,I24.0
ISCHMCHT,ICD10DX,ANY,I24.1
ISCHMCHT,ICD10DX,ANY,I24.8
ISCHMCHT,ICD10DX,ANY,I25.10
ISCHMCHT,ICD10DX,ANY,I25.110
ISCHMCHT,ICD10DX,ANY,I25.111
ISCHMCHT,ICD10DX,ANY,I25.118
ISCHMCHT,ICD10DX,ANY,I25.119
ISCHMCHT,ICD10DX,ANY,I25.3
ISCHMCHT,ICD10DX,ANY,I25.41
ISCHMCHT,ICD10DX,ANY,I25.42
ISCHMCHT,ICD10DX,ANY,I25.5
ISCHMCHT,ICD10DX,ANY,I25.6
ISCHMCHT,ICD10DX,ANY,I25.700
ISCHMCHT,ICD10DX,ANY,I25.701
ISCHMCHT,ICD10DX,ANY,I25.708
ISCHMCHT,ICD10DX,ANY,I25.710
ISCHMCHT,ICD10DX,ANY,I25.711
ISCHMCHT,ICD10DX,ANY,I25.718
ISCHMCHT,ICD10DX,ANY,I25.719
ISCHMCHT,ICD10DX,ANY,I25.720
ISCHMCHT,ICD10DX,ANY,I25.721
ISCHMCHT,ICD10DX,ANY,I25.728
ISCHMCHT,ICD10DX,ANY,I25.729
ISCHMCHT,ICD10DX,ANY,I25.730
ISCHMCHT,ICD10DX,ANY,I25.731
ISCHMCHT,ICD10DX,ANY,I25.738
ISCHMCHT,ICD10DX,ANY,I25.739
ISCHMCHT,ICD10DX,ANY,I25.750
ISCHMCHT,ICD10DX,ANY,I25.751
ISCHMCHT,ICD10DX,ANY,I25.758
ISCHMCHT,ICD10DX,ANY,I25.759
ISCHMCHT,ICD10DX,ANY,I25.760
ISCHMCHT,ICD10DX,ANY,I25.761
ISCHMCHT,ICD10DX,ANY,I25.768
ISCHMCHT,ICD10DX,ANY,I25.769
ISCHMCHT,ICD10DX,ANY,I25.790
ISCHMCHT,ICD10DX,ANY,I25.791
ISCHMCHT,ICD10DX,ANY,I25.798
ISCHMCHT,ICD10DX,ANY,I25.799
ISCHMCHT,ICD10DX,ANY,I25.810
ISCHMCHT,ICD10DX,ANY,I25.811
ISCHMCHT,ICD10DX,ANY,I25.812
ISCHMCHT,ICD10DX,ANY,I25.82
ISCHMCHT,ICD10DX,ANY,I25.83
ISCHMCHT,ICD10DX,ANY,I25.84
ISCHMCHT,ICD10DX,ANY,I25.89
ISCHMCHT,ICD10DX,ANY,I25.9
NONADDEM,ICD10DX,ANY,F01.50
NONADDEM,ICD10DX,ANY,F01.51
NONADDEM,ICD10DX,ANY,F02.80
NONADDEM,ICD10DX,ANY,F02.81
NONADDEM,ICD10DX,ANY,F03.90
NONADDEM,ICD10DX,ANY,F03.91
NONADDEM,ICD10DX,ANY,F05
NONADDEM,ICD10DX,ANY,G13.8
NONADDEM,ICD10DX,ANY,G31.01
NONADDEM,ICD10DX,ANY,G31.09
NONADDEM,ICD10DX,ANY,G31.1
NONADDEM,ICD10DX,ANY,G31.2
NONADDEM,ICD10DX,ANY,G31.83
NONADDEM,ICD10DX,ANY,G94
NONADDEM,ICD10DX,ANY,R41.81
OSTEOPRS,ICD10DX,ANY,M80.00XA
OSTEOPRS,ICD10DX,ANY,M80.011A
OSTEOPRS,ICD10DX,ANY,M80.012A
OSTEOPRS,ICD10DX,ANY,M80.019A
OSTEOPRS,ICD10DX,ANY,M80.021A
OSTEOPRS,ICD10DX,ANY,M80.022A
OSTEOPRS,ICD10DX,ANY,M80.029A
OSTEOPRS,ICD10DX,ANY,M80.031A
OSTEOPRS,ICD10DX,ANY,M80.032A
OSTEOPRS,ICD10DX,ANY,M80.039A
OSTEOPRS,ICD10DX,ANY,M80.041A
OSTEOPRS,ICD10DX,ANY,M80.042A
OSTEOPRS,ICD10DX,ANY,M80.049A
OSTEOPRS,ICD10DX,ANY,M80.051A
OSTEOPRS,ICD10DX,ANY,M80.052A
OSTEOPRS,ICD10DX,ANY,M80.059A
OSTEOPRS,ICD10DX,ANY,M80.061A
OSTEOPRS,ICD10DX,ANY,M80.062A
OSTEOPRS,ICD10DX,ANY,M80.069A
OSTEOPRS,ICD10DX,ANY,M80.071A
OSTEOPRS,ICD10DX,ANY,M80.072A
OSTEOPRS,ICD10DX,ANY,M80.079A
OSTEOPRS,ICD10DX,ANY,M80.08XA
OSTEOPRS,ICD10DX,ANY,M80.0AXA
OSTEOPRS,ICD10DX,ANY,M80.80XA
OSTEOPRS,ICD10DX,ANY,M80.811A
OSTEOPRS,ICD10DX,ANY,M80.812A
OSTEOPRS,ICD10DX,ANY,M80.819A
OSTEOPRS,ICD10DX,ANY,M80.821A
OSTEOPRS,ICD10DX,ANY,M80.822A
OSTEOPRS,ICD10DX,ANY,M80.829A
OSTEOPRS,ICD10DX,ANY,M80.831A
OSTEOPRS,ICD10DX,ANY,M80.832A
OSTEOPRS,ICD10DX,ANY,M80.839A
OSTEOPRS,ICD10DX,ANY,M80.841A
OSTEOPRS,ICD10DX,ANY,M80.842A
OSTEOPRS,ICD10DX,ANY,M80.849A
OSTEOPRS,ICD10DX,ANY,M80.851A
OSTEOPRS,ICD10DX,ANY,M80.852A
OSTEOPRS,ICD10DX,ANY,M80.859A
OSTEOPRS,ICD10DX,ANY,M80.861A
OSTEOPRS,ICD10DX,ANY,M80.862A
OSTEOPRS,ICD10DX,ANY,M80.869A
OSTEOPRS,ICD10DX,ANY,M80.871A
OSTEOPRS,ICD10DX,ANY,M80.872A
OSTEOPRS,ICD10DX,ANY,M80.879A
OSTEOPRS,ICD10DX,ANY,M80.88XA
OSTEOPRS,ICD10DX,ANY,M80.8AXA
OSTEOPRS,ICD10DX,ANY,M81.0
OSTEOPRS,ICD10DX,ANY,M81.6
OSTEOPRS,ICD10DX,ANY,M81.8
PARKINSN,ICD10DX,ANY,G20
PARKINSN,ICD10DX,ANY,G21.11
PARKINSN,ICD10DX,ANY,G21.19
PARKINSN,ICD10DX,ANY,G21.3
PARKINSN,ICD10DX,ANY,G21.4
PARKINSN,ICD10DX,ANY,G21.8
PARKINSN,ICD10DX,ANY,G21.9
PARKINSN,ICD10DX,ANY,G31.83
PNEUM,ICD10DX,ANY,A01.03
PNEUM,ICD10DX,ANY,A02.22
PNEUM,ICD10DX,ANY,A06.5
PNEUM,ICD10DX,ANY,A20.2
PNEUM,ICD10DX,ANY,A21.2
PNEUM,ICD10DX,ANY,A22.1
PNEUM,ICD10DX,ANY,A31.0
PNEUM,ICD10DX,ANY,A37.01
PNEUM,ICD10DX,ANY,A37.11
PNEUM,ICD10DX,ANY,A37.81
PNEUM,ICD10DX,ANY,A37.91
PNEUM,ICD10DX,ANY,A40.3
PNEUM,ICD10DX,ANY,A42.0
PNEUM,ICD10DX,ANY,A43.0
PNEUM,ICD10DX,ANY,A48.1
PNEUM,ICD10DX,ANY,A50.04
PNEUM,ICD10DX,ANY,A54.84
PNEUM,ICD10DX,ANY,B01.2
PNEUM,ICD10DX,ANY,B05.2
PNEUM,ICD10DX,ANY,B06.81
PNEUM,ICD10DX,ANY,B37.1
PNEUM,ICD10DX,ANY,B38.0
PNEUM,ICD10DX,ANY,B38.2
PNEUM,ICD10DX,ANY,B39.0
PNEUM,ICD10DX,ANY,B39.2
PNEUM,ICD10DX,ANY,B40.0
PNEUM,ICD10DX,ANY,B40.2
PNEUM,ICD10DX,ANY,B41.0
PNEUM,ICD10DX,ANY,B58.3
PNEUM,ICD10DX,ANY,B59
PNEUM,ICD10DX,ANY,B66.4
PNEUM,ICD10DX,ANY,B67.1
PNEUM,ICD10DX,ANY,B77.81
PNEUM,ICD10DX,ANY,B95.3
PNEUM,ICD10DX,ANY,B96.0
PNEUM,ICD10DX,ANY,B96.1
PNEUM,ICD10DX,ANY,J09.X1
PNEUM,ICD10DX,ANY,J10.00
PNEUM,ICD10DX,ANY,J10.01
PNEUM,ICD10DX,ANY,J10.08
PNEUM,ICD10DX,ANY,J11.00
PNEUM,ICD10DX,ANY,J11.08
PNEUM,ICD10DX,ANY,J12.0
PNEUM,ICD10DX,ANY,J12.1
PNEUM,ICD10DX,ANY,J12.2
PNEUM,ICD10DX,ANY,J12.3
PNEUM,ICD10DX,ANY,J12.81
PNEUM,ICD10DX,ANY,J12.82
PNEUM,ICD10DX,ANY,J12.89
PNEUM,ICD10DX,ANY,J12.9
PNEUM,ICD10DX,ANY,J13
PNEUM,ICD10DX,ANY,J14
PNEUM,ICD10DX,ANY,J15.0
PNEUM,ICD10DX,ANY,J15.1
PNEUM,ICD10DX,ANY,J15.20
PNEUM,ICD10DX,ANY,J15.211
PNEUM,ICD10DX,ANY,J15.212
PNEUM,ICD10DX,ANY,J15.29
PNEUM,ICD10DX,ANY,J15.3
PNEUM,ICD10DX,ANY,J15.4
PNEUM,ICD10DX,ANY,J15.5
PNEUM,ICD10DX,ANY,J15.6
PNEUM,ICD10DX,ANY,J15.7
PNEUM,ICD10DX,ANY,J15.8
PNEUM,ICD10DX,ANY,J15.9
PNEUM,ICD10DX,ANY,J16.0
PNEUM,ICD10DX,ANY,J16.8
PNEUM,ICD10DX,ANY,J17
PNEUM,ICD10DX,ANY,J18.0
PNEUM,ICD10DX,ANY,J18.1
PNEUM,ICD10DX,ANY,J18.2
PNEUM,ICD10DX,ANY,J18.8
PNEUM,ICD10DX,ANY,J18.9
PNEUM,ICD10DX,ANY,J20.0
PNEUM,ICD10DX,ANY,J84.111
PNEUM,ICD10DX,ANY,J84.116
PNEUM,ICD10DX,ANY,J84.117
PNEUM,ICD10DX,ANY,J84.178
PNEUM,ICD10DX,ANY,J84.2
PNEUM,ICD10DX,ANY,J85.1
PNEUM,ICD10DX,ANY,J95.851
PNEUM,ICD10DX,ANY,P23.0
PNEUM,ICD10DX,ANY,P23.1
PNEUM,ICD10DX,ANY,P23.2
PNEUM,ICD10DX,ANY,P23.3
PNEUM,ICD10DX,ANY,P23.4
PNEUM,ICD10DX,ANY,P23.5
PNEUM,ICD10DX,ANY,P23.6
PNEUM,ICD10DX,ANY,P23.8
PNEUM,ICD10DX,ANY,P23.9
PNEUM,ICD10DX,ANY,Z87.01
RAOA,ICD10DX,ANY,L40.50
RAOA,ICD10DX,ANY,L40.51
RAOA,ICD10DX,ANY,L40.54
RAOA,ICD10DX,ANY,L40.59
RAOA,ICD10DX,ANY,M05.00
RAOA,ICD10DX,ANY,M05.011
RAOA,ICD10DX,ANY,M05.012
RAOA,ICD10DX,ANY,M05.019
RAOA,ICD10DX,ANY,M05.021
RAOA,ICD10DX,ANY,M05.022
RAOA,ICD10DX,ANY,M05.029
RAOA,ICD10DX,ANY,M05.031
RAOA,ICD10DX,ANY,M05.032
RAOA,ICD10DX,ANY,M05.039
RAOA,ICD10DX,ANY,M05.041
RAOA,ICD10DX,ANY,M05.042
RAOA,ICD10DX,ANY,M05.049
RAOA,ICD10DX,ANY,M05.051
RAOA,ICD10DX,ANY,M05.052
RAOA,ICD10DX,ANY,M05.059
RAOA,ICD10DX,ANY,M05.061
RAOA,ICD10DX,ANY,M05.062
RAOA,ICD10DX,ANY,M05.069
RAOA,ICD10DX,ANY,M05.071
RAOA,ICD10DX,ANY,M05.072
RAOA,ICD10DX,ANY,M05.079
RAOA,ICD10DX,ANY,M05.09
RAOA,ICD10DX,ANY,M05.10
RAOA,ICD10DX,ANY,M05.111
RAOA,ICD10DX,ANY,M05.112
RAOA,ICD10DX,ANY,M05.119
RAOA,ICD10DX,ANY,M05.121
RAOA,ICD10DX,ANY,M05.122
RAOA,ICD10DX,ANY,M05.129
RAOA,ICD10DX,ANY,M05.131
RAOA,ICD10DX,ANY,M05.132
RAOA,ICD10DX,ANY,M05.139
RAOA,ICD10DX,ANY,M05.141
RAOA,ICD10DX,ANY,M05.142
RAOA,ICD10DX,ANY,M05.149
RAOA,ICD10DX,ANY,M05.151
RAOA,ICD10DX,ANY,M05.152
RAOA,ICD10DX,ANY,M05.159
RAOA,ICD10DX,ANY,M05.161
RAOA,ICD10DX,ANY,M05.162
RAOA,ICD10DX,ANY,M05.169
RAOA,ICD10DX,ANY,M05.171
RAOA,ICD10DX,ANY,M05.172
RAOA,ICD10DX,ANY,M05.179
RAOA,ICD10DX,ANY,M05.19
RAOA,ICD10DX,ANY,M05.20
RAOA,ICD10DX,ANY,M05.211
RAOA,ICD10DX,ANY,M05.212
RAOA,ICD10DX,ANY,M05.219
RAOA,ICD10DX,ANY,M05.221
RAOA,ICD10DX,ANY,M05.222
RAOA,ICD10DX,ANY,M05.229
RAOA,ICD10DX,ANY,M05.231
RAOA,ICD10DX,ANY,M05.232
RAOA,ICD10DX,ANY,M05.239
RAOA,ICD10DX,ANY,M05.241
RAOA,ICD10DX,ANY,M05.242
RAOA,ICD10DX,ANY,M05.249
RAOA,ICD10DX,ANY,M05.251
RAOA,ICD10DX,ANY,M05.252
RAOA,ICD10DX,ANY,M05.259
RAOA,ICD10DX,ANY,M05.261
RAOA,ICD10DX,ANY,M05.262
RAOA,ICD10DX,ANY,M05.269
RAOA,ICD10DX,ANY,M05.271
RAOA,ICD10DX,ANY,M05.272
RAOA,ICD10DX,ANY,M05.279
RAOA,ICD10DX,ANY,M05.29
RAOA,ICD10DX,ANY,M05.30
RAOA,ICD10DX,ANY,M05.311
RAOA,ICD10DX,ANY,M05.312
RAOA,ICD10DX,ANY,M05.319
RAOA,ICD10DX,ANY,M05.321
RAOA,ICD10DX,ANY,M05.322
RAOA,ICD10DX,ANY,M05.329
RAOA,ICD10DX,ANY,M05.331
RAOA,ICD10DX,ANY,M05.332
RAOA,ICD10DX,ANY,M05.339
RAOA,ICD10DX,ANY,M05.341
RAOA,ICD10DX,ANY,M05.342
RAOA,ICD10DX,ANY,M05.349
RAOA,ICD10DX,ANY,M05.351
RAOA,ICD10DX,ANY,M05.352
RAOA,ICD10DX,ANY,M05.359
RAOA,ICD10DX,ANY,M05.361
RAOA,ICD10DX,ANY,M05.362
RAOA,ICD10DX,ANY,M05.369
RAOA,ICD10DX,ANY,M05.371
RAOA,ICD10DX,ANY,M05.372
RAOA,ICD10DX,ANY,M05.379
RAOA,ICD10DX,ANY,M05.39
RAOA,ICD10DX,ANY,M05.40
RAOA,ICD10DX,ANY,M05.411
RAOA,ICD10DX,ANY,M05.412
RAOA,ICD10DX,ANY,M05.419
RAOA,ICD10DX,ANY,M05.421
RAOA,ICD10DX,ANY,M05.422
RAOA,ICD10DX,ANY,M05.429
RAOA,ICD10DX,ANY,M05.431
RAOA,ICD10DX,ANY,M05.432
RAOA,ICD10DX,ANY,M05.439
RAOA,ICD10DX,ANY,M05.441
RAOA,ICD10DX,ANY,M05.442
RAOA,ICD10DX,ANY,M05.449
RAOA,ICD10DX,ANY,M05.451
RAOA,ICD10DX,ANY,M05.452
RAOA,ICD10DX,ANY,M05.459
RAOA,ICD10DX,ANY,M05.461
RAOA,ICD10DX,ANY,M05.462
RAOA,ICD10DX,ANY,M05.469
RAOA,ICD10DX,ANY,M05.471
RAOA,ICD10DX,ANY,M05.472
RAOA,ICD10DX,ANY,M05.479
RAOA,ICD10DX,ANY,M05.49
RAOA,ICD10DX,ANY,M05.50
RAOA,ICD10DX,ANY,M05.511
RAOA,ICD10DX,ANY,M05.512
RAOA,ICD10DX,ANY,M05.519
RAOA,ICD10DX,ANY,M05.521
RAOA,ICD10DX,ANY,M05.522
RAOA,ICD10DX,ANY,M05.529
RAOA,ICD10DX,ANY,M05.531
RAOA,ICD10DX,ANY,M05.532
RAOA,ICD10DX,ANY,M05.539
RAOA,ICD10DX,ANY,M05.541
RAOA,ICD10DX,ANY,M05.542
RAOA,ICD10DX,ANY,M05.549
RAOA,ICD10DX,ANY,M05.551
RAOA,ICD10DX,ANY,M05.552
RAOA,ICD10DX,ANY,M05.559
RAOA,ICD10DX,ANY,M05.561
RAOA,ICD10DX,ANY,M05.562
RAOA,ICD10DX,ANY,M05.569
RAOA,ICD10DX,ANY,M05.571
RAOA,ICD10DX,ANY,M05.572
RAOA,ICD10DX,ANY,M05.579
RAOA,ICD10DX,ANY,M05.59
RAOA,ICD10DX,ANY,M05.60
RAOA,ICD10DX,ANY,M05.611
RAOA,ICD10DX,ANY,M05.612
RAOA,ICD10DX,ANY,M05.619
RAOA,ICD10DX,ANY,M05.621
RAOA,ICD10DX,ANY,M05.622
RAOA,ICD10DX,ANY,M05.629
RAOA,ICD10DX,ANY,M05.631
RAOA,ICD10DX,ANY,M05.632
RAOA,ICD10DX,ANY,M05.639
RAOA,ICD10DX,ANY,M05.641
RAOA,ICD10DX,ANY,M05.642
RAOA,ICD10DX,ANY,M05.649
RAOA,ICD10DX,ANY,M05.651
RAOA,ICD10DX,ANY,M05.652
RAOA,ICD10DX,ANY,M05.659
RAOA,ICD10DX,ANY,M05.661
RAOA,ICD10DX,ANY,M05.662
RAOA,ICD10DX,ANY,M05.669
RAOA,ICD10DX,ANY,M05.671
RAOA,ICD10DX,ANY,M05.672
RAOA,ICD10DX,ANY,M05.679
RAOA,ICD10DX,ANY,M05.69
RAOA,ICD10DX,ANY,M05.70
RAOA,ICD10DX,ANY,M05.711
RAOA,ICD10DX,ANY,M05.712
RAOA,ICD10DX,ANY,M05.719
RAOA,ICD10DX,ANY,M05.721
RAOA,ICD10DX,ANY,M05.722
RAOA,ICD10DX,ANY,M05.729
RAOA,ICD10DX,ANY,M05.731
RAOA,ICD10DX,ANY,M05.732
RAOA,ICD10DX,ANY,M05.739
RAOA,ICD10DX,ANY,M05.741
RAOA,ICD10DX,ANY,M05.742
RAOA,ICD10DX,ANY,M05.749
RAOA,ICD10DX,ANY,M05.751
RAOA,ICD10DX,ANY,M05.752
RAOA,ICD10DX,ANY,M05.759
RAOA,ICD10DX,ANY,M05.761
RAOA,ICD10DX,ANY,M05.762
RAOA,ICD10DX,ANY,M05.769
RAOA,ICD10DX,ANY,M05.771
RAOA,ICD10DX,ANY,M05.772
RAOA,ICD10DX,ANY,M05.779
RAOA,ICD10DX,ANY,M05.79
RAOA,ICD10DX,ANY,M05.7A
RAOA,ICD10DX,ANY,M05.80
RAOA,ICD10DX,ANY,M05.811
RAOA,ICD10DX,ANY,M05.812
RAOA,ICD10DX,ANY,M05.819
RAOA,ICD10DX,ANY,M05.821
RAOA,ICD10DX,ANY,M05.822
RAOA,ICD10DX,ANY,M05.829
RAOA,ICD10DX,ANY,M05.831
RAOA,ICD10DX,ANY,M05.832
RAOA,ICD10DX,ANY,M05.839
RAOA,ICD10DX,ANY,M05.841
RAOA,ICD10DX,ANY,M05.842
RAOA,ICD10DX,ANY,M05.849
RAOA,ICD10DX,ANY,M05.851
RAOA,ICD10DX,ANY,M05.852
RAOA,ICD10DX,ANY,M05.859
RAOA,ICD10DX,ANY,M05.861
RAOA,ICD10DX,ANY,M05.862
RAOA,ICD10DX,ANY,M05.869
RAOA,ICD10DX,ANY,M05.871
RAOA,ICD10DX,ANY,M05.872
RAOA,ICD10DX,ANY,M05.879
RAOA,ICD10DX,ANY,M05.89
RAOA,ICD10DX,ANY,M05.8A
RAOA,ICD10DX,ANY,M05.9
RAOA,ICD10DX,ANY,M06.00
RAOA,ICD10DX,ANY,M06.011
RAOA,ICD10DX,ANY,M06.012
RAOA,ICD10DX,ANY,M06.019
RAOA,ICD10DX,ANY,M06.021
RAOA,ICD10DX,ANY,M06.022
RAOA,ICD10DX,ANY,M06.029
RAOA,ICD10DX,ANY,M06.031
RAOA,ICD10DX,ANY,M06.032
RAOA,ICD10DX,ANY,M06.039
RAOA,ICD10DX,ANY,M06.041
RAOA,ICD10DX,ANY,M06.042
RAOA,ICD10DX,ANY,M06.049
RAOA,ICD10DX,ANY,M06.051
RAOA,ICD10DX,ANY,M06.052
RAOA,ICD10DX,ANY,M06.059
RAOA,ICD10DX,ANY,M06.061
RAOA,ICD10DX,ANY,M06.062
RAOA,ICD10DX,ANY,M06.069
RAOA,ICD10DX,ANY,M06.071
RAOA,ICD10DX,ANY,M06.072
RAOA,ICD10DX,ANY,M06.079
RAOA,ICD10DX,ANY,M06.08
RAOA,ICD10DX,ANY,M06.09
RAOA,ICD10DX,ANY,M06.0A
RAOA,ICD10DX,ANY,M06.1
RAOA,ICD10DX,ANY,M06.20
RAOA,ICD10DX,ANY,M06.211
RAOA,ICD10DX,ANY,M06.212
RAOA,ICD10DX,ANY,M06.219
RAOA,ICD10DX,ANY,M06.221
RAOA,ICD10DX,ANY,M06.222
RAOA,ICD10DX,ANY,M06.229
RAOA,ICD10DX,ANY,M06.231
RAOA,ICD10DX,ANY,M06.232
RAOA,ICD10DX,ANY,M06.239
RAOA,ICD10DX,ANY,M06.241
RAOA,ICD10DX,ANY,M06.242
RAOA,ICD10DX,ANY,M06.249
RAOA,ICD10DX,ANY,M06.251
RAOA,ICD10DX,ANY,M06.252
RAOA,ICD10DX,ANY,M06.259
RAOA,ICD10DX,ANY,M06.261
RAOA,ICD10DX,ANY,M06.262
RAOA,ICD10DX,ANY,M06.269
RAOA,ICD10DX,ANY,M06.271
RAOA,ICD10DX,ANY,M06.272
RAOA,ICD10DX,ANY,M06.279
RAOA,ICD10DX,ANY,M06.28
RAOA,ICD10DX,ANY,M06.29
RAOA,ICD10DX,ANY,M06.30
RAOA,ICD10DX,ANY,M06.311
RAOA,ICD10DX,ANY,M06.312
RAOA,ICD10DX,ANY,M06.319
RAOA,ICD10DX,ANY,M06.321
RAOA,ICD10DX,ANY,M06.322
RAOA,ICD10DX,ANY,M06.329
RAOA,ICD10DX,ANY,M06.331
RAOA,ICD10DX,ANY,M06.332
RAOA,ICD10DX,ANY,M06.339
RAOA,ICD10DX,ANY,M06.341
RAOA,ICD10DX,ANY,M06.342
RAOA,ICD10DX,ANY,M06.349
RAOA,ICD10DX,ANY,M06.351
RAOA,ICD10DX,ANY,M06.352
RAOA,ICD10DX,ANY,M06.359
RAOA,ICD10DX,ANY,M06.361
RAOA,ICD10DX,ANY,M06.362
RAOA,ICD10DX,ANY,M06.369
RAOA,ICD10DX,ANY,M06.371
RAOA,ICD10DX,ANY,M06.372
RAOA,ICD10DX,ANY,M06.379
RAOA,ICD10DX,ANY,M06.38
RAOA,ICD10DX,ANY,M06.39
RAOA,ICD10DX,ANY,M06.80
RAOA,ICD10DX,ANY,M06.811
RAOA,ICD10DX,ANY,M06.812
RAOA,ICD10DX,ANY,M06.819
RAOA,ICD10DX,ANY,M06.821
RAOA,ICD10DX,ANY,M06.822
RAOA,ICD10DX,ANY,M06.829
RAOA,ICD10DX,ANY,M06.831
RAOA,ICD10DX,ANY,M06.832
RAOA,ICD10DX,ANY,M06.839
RAOA,ICD10DX,ANY,M06.841
RAOA,ICD10DX,ANY,M06.842
RAOA,ICD10DX,ANY,M06.849
RAOA,ICD10DX,ANY,M06.851
RAOA,ICD10DX,ANY,M06.852
RAOA,ICD10DX,ANY,M06.859
RAOA,ICD10DX,ANY,M06.861
RAOA,ICD10DX,ANY,M06.862
RAOA,ICD10DX,ANY,M06.869
RAOA,ICD10DX,ANY,M06.871
RAOA,ICD10DX,ANY,M06.872
RAOA,ICD10DX,ANY,M06.879
RAOA,ICD10DX,ANY,M06.88
RAOA,ICD10DX,ANY,M06.89
RAOA,ICD10DX,ANY,M06.8A
RAOA,ICD10DX,ANY,M06.9
RAOA,ICD10DX,ANY,M08.00
RAOA,ICD10DX,ANY,M08.011
RAOA,ICD10DX,ANY,M08.012
RAOA,ICD10DX,ANY,M08.019
RAOA,ICD10DX,ANY,M08.021
RAOA,ICD10DX,ANY,M08.022
RAOA,ICD10DX,ANY,M08.029
RAOA,ICD10DX,ANY,M08.031
RAOA,ICD10DX,ANY,M08.032
RAOA,ICD10DX,ANY,M08.039
RAOA,ICD10DX,ANY,M08.041
RAOA,ICD10DX,ANY,M08.042
RAOA,ICD10DX,ANY,M08.049
RAOA,ICD10DX,ANY,M08.051
RAOA,ICD10DX,ANY,M08.052
RAOA,ICD10DX,ANY,M08.059
RAOA,ICD10DX,ANY,M08.061
RAOA,ICD10DX,ANY,M08.062
RAOA,ICD10DX,ANY,M08.069
RAOA,ICD10DX,ANY,M08.071
RAOA,ICD10DX,ANY,M08.072
RAOA,ICD10DX,ANY,M08.079
RAOA,ICD10DX,ANY,M08.08
RAOA,ICD10DX,ANY,M08.09
RAOA,ICD10DX,ANY,M08.0A
RAOA,ICD10DX,ANY,M08.1
RAOA,ICD10DX,ANY,M08.20
RAOA,ICD10DX,ANY,M08.211
RAOA,ICD10DX,ANY,M08.212
RAOA,ICD10DX,ANY,M08.219
RAOA,ICD10DX,ANY,M08.221
RAOA,ICD10DX,ANY,M08.222
RAOA,ICD10DX,ANY,M08.229
RAOA,ICD10DX,ANY,M08.231
RAOA,ICD10DX,ANY,M08.232
RAOA,ICD10DX,ANY,M08.239
RAOA,ICD10DX,ANY,M08.241
RAOA,ICD10DX,ANY,M08.242
RAOA,ICD10DX,ANY,M08.249
RAOA,ICD10DX,ANY,M08.251
RAOA,ICD10DX,ANY,M08.252
RAOA,ICD10DX,ANY,M08.259
RAOA,ICD10DX,ANY,M08.261
RAOA,ICD10DX,ANY,M08.262
RAOA,ICD10DX,ANY,M08.269
RAOA,ICD10DX,ANY,M08.271
RAOA,ICD10DX,ANY,M08.272
RAOA,ICD10DX,ANY,M08.279
RAOA,ICD10DX,ANY,M08.28
RAOA,ICD10DX,ANY,M08.29
RAOA,ICD10DX,ANY,M08.2A
RAOA,ICD10DX,ANY,M08.3
RAOA,ICD10DX,ANY,M08.40
RAOA,ICD10DX,ANY,M08.411
RAOA,ICD10DX,ANY,M08.412
RAOA,ICD10DX,ANY,M08.419
RAOA,ICD10DX,ANY,M08.421
RAOA,ICD10DX,ANY,M08.422
RAOA,ICD10DX,ANY,M08.429
RAOA,ICD10DX,ANY,M08.431
RAOA,ICD10DX,ANY,M08.432
RAOA,ICD10DX,ANY,M08.439
RAOA,ICD10DX,ANY,M08.441
RAOA,ICD10DX,ANY,M08.442
RAOA,ICD10DX,ANY,M08.449
RAOA,ICD10DX,ANY,M08.451
RAOA,ICD10DX,ANY,M08.452
RAOA,ICD10DX,ANY,M08.459
RAOA,ICD10DX,ANY,M08.461
RAOA,ICD10DX,ANY,M08.462
RAOA,ICD10DX,ANY,M08.469
RAOA,ICD10DX,ANY,M08.471
RAOA,ICD10DX,ANY,M08.472
RAOA,ICD10DX,ANY,M08.479
RAOA,ICD10DX,ANY,M08.48
RAOA,ICD10DX,ANY,M08.4A
RAOA,ICD10DX,ANY,M08.80
RAOA,ICD10DX,ANY,M08.811
RAOA,ICD10DX,ANY,M08.812
RAOA,ICD10DX,ANY,M08.819
RAOA,ICD10DX,ANY,M08.821
RAOA,ICD10DX,ANY,M08.822
RAOA,ICD10DX,ANY,M08.829
RAOA,ICD10DX,ANY,M08.831
RAOA,ICD10DX,ANY,M08.832
RAOA,ICD10DX,ANY,M08.839
RAOA,ICD10DX,ANY,M08.841
RAOA,ICD10DX,ANY,M08.842
RAOA,ICD10DX,ANY,M08.849
RAOA,ICD10DX,ANY,M08.851
RAOA,ICD10DX,ANY,M08.852
RAOA,ICD10DX,ANY,M08.859
RAOA,ICD10DX,ANY,M08.861
RAOA,ICD10DX,ANY,M08.862
RAOA,ICD10DX,ANY,M08.869
RAOA,ICD10DX,ANY,M08.871
RAOA,ICD10DX,ANY,M08.872
RAOA,ICD10DX,ANY,M08.879
RAOA,ICD10DX,ANY,M08.88
RAOA,ICD10DX,ANY,M08.89
RAOA,ICD10DX,ANY,M08.90
RAOA,ICD10DX,ANY,M08.911
RAOA,ICD10DX,ANY,M08.912
RAOA,ICD10DX,ANY,M08.919
RAOA,ICD10DX,ANY,M08.921
RAOA,ICD10DX,ANY,M08.922
RAOA,ICD10DX,ANY,M08.929
RAOA,ICD10DX,ANY,M08.931
RAOA,ICD10DX,ANY,M08.932
RAOA,ICD10DX,ANY,M08.939
RAOA,ICD10DX,ANY,M08.941
RAOA,ICD10DX,ANY,M08.942
RAOA,ICD10DX,ANY,M08.949
RAOA,ICD10DX,ANY,M08.951
RAOA,ICD10DX,ANY,M08.952
RAOA,ICD10DX,ANY,M08.959
RAOA,ICD10DX,ANY,M08.961
RAOA,ICD10DX,ANY,M08.962
RAOA,ICD10DX,ANY,M08.969
RAOA,ICD10DX,ANY,M08.971
RAOA,ICD10DX,ANY,M08.972
RAOA,ICD10DX,ANY,M08.979
RAOA,ICD10DX,ANY,M08.98
RAOA,ICD10DX,ANY,M08.99
RAOA,ICD10DX,ANY,M08.9A
RAOA,ICD10DX,ANY,M15.0
RAOA,ICD10DX,ANY,M15.1
RAOA,ICD10DX,ANY,M15.2
RAOA,ICD10DX,ANY,M15.3
RAOA,ICD10DX,ANY,M15.4
RAOA,ICD10DX,ANY,M15.8
RAOA,ICD10DX,ANY,M15.9
RAOA,ICD10DX,ANY,M16.0
RAOA,ICD10DX,ANY,M16.10
RAOA,ICD10DX,ANY,M16.11
RAOA,ICD10DX,ANY,M16.12
RAOA,ICD10DX,ANY,M16.2
RAOA,ICD10DX,ANY,M16.30
RAOA,ICD10DX,ANY,M16.31
RAOA,ICD10DX,ANY,M16.32
RAOA,ICD10DX,ANY,M16.4
RAOA,ICD10DX,ANY,M16.50
RAOA,ICD10DX,ANY,M16.51
RAOA,ICD10DX,ANY,M16.52
RAOA,ICD10DX,ANY,M16.6
RAOA,ICD10DX,ANY,M16.7
RAOA,ICD10DX,ANY,M16.9
RAOA,ICD10DX,ANY,M17.0
RAOA,ICD10DX,ANY,M17.10
RAOA,ICD10DX,ANY,M17.11
RAOA,ICD10DX,ANY,M17.12
RAOA,ICD10DX,ANY,M17.2
RAOA,ICD10DX,ANY,M17.30
RAOA,ICD10DX,ANY,M17.31
RAOA,ICD10DX,ANY,M17.32
RAOA,ICD10DX,ANY,M17.4
RAOA,ICD10DX,ANY,M17.5
RAOA,ICD10DX,ANY,M17.9
RAOA,ICD10DX,ANY,M18.0
RAOA,ICD10DX,ANY,M18.10
RAOA,ICD10DX,ANY,M18.11
RAOA,ICD10DX,ANY,M18.12
RAOA,ICD10DX,ANY,M18.2
RAOA,ICD10DX,ANY,M18.30
RAOA,ICD10DX,ANY,M18.31
RAOA,ICD10DX,ANY,M18.32
RAOA,ICD10DX,ANY,M18.4
RAOA,ICD10DX,ANY,M18.50
RAOA,ICD10DX,ANY,M18.51
RAOA,ICD10DX,ANY,M18.52
RAOA,ICD10DX,ANY,M18.9
RAOA,ICD10DX,ANY,M19.011
RAOA,ICD10DX,ANY,M19.012
RAOA,ICD10DX,ANY,M19.019
RAOA,ICD10DX,ANY,M19.021
RAOA,ICD10DX,ANY,M19.022
RAOA,ICD10DX,ANY,M19.029
RAOA,ICD10DX,ANY,M19.031
RAOA,ICD10DX,ANY,M19.032
RAOA,ICD10DX,ANY,M19.039
RAOA,ICD10DX,ANY,M19.041
RAOA,ICD10DX,ANY,M19.042
RAOA,ICD10DX,ANY,M19.049
RAOA,ICD10DX,ANY,M19.071
RAOA,ICD10DX,ANY,M19.072
RAOA,ICD10DX,ANY,M19.079
RAOA,ICD10DX,ANY,M19.09
RAOA,ICD10DX,ANY,M19.111
RAOA,ICD10DX,ANY,M19.112
RAOA,ICD10DX,ANY,M19.119
RAOA,ICD10DX,ANY,M19.121
RAOA,ICD10DX,ANY,M19.122
RAOA,ICD10DX,ANY,M19.129
RAOA,ICD10DX,ANY,M19.131
RAOA,ICD10DX,ANY,M19.132
RAOA,ICD10DX,ANY,M19.139
RAOA,ICD10DX,ANY,M19.141
RAOA,ICD10DX,ANY,M19.142
RAOA,ICD10DX,ANY,M19.149
RAOA,ICD10DX,ANY,M19.171
RAOA,ICD10DX,ANY,M19.172
RAOA,ICD10DX,ANY,M19.179
RAOA,ICD10DX,ANY,M19.211
RAOA,ICD10DX,ANY,M19.212
RAOA,ICD10DX,ANY,M19.219
RAOA,ICD10DX,ANY,M19.221
RAOA,ICD10DX,ANY,M19.222
RAOA,ICD10DX,ANY,M19.229
RAOA,ICD10DX,ANY,M19.231
RAOA,ICD10DX,ANY,M19.232
RAOA,ICD10DX,ANY,M19.239
RAOA,ICD10DX,ANY,M19.241
RAOA,ICD10DX,ANY,M19.242
RAOA,ICD10DX,ANY,M19.249
RAOA,ICD10DX,ANY,M19.271
RAOA,ICD10DX,ANY,M19.272
RAOA,ICD10DX,ANY,M19.279
RAOA,ICD10DX,ANY,M19.29
RAOA,ICD10DX,ANY,M19.90
RAOA,ICD10DX,ANY,M19.91
RAOA,ICD10DX,ANY,M19.92
RAOA,ICD10DX,ANY,M19.93
RAOA,ICD10DX,ANY,M45.0
RAOA,ICD10DX,ANY,M45.1
RAOA,ICD10DX,ANY,M45.2
RAOA,ICD10DX,ANY,M45.3
RAOA,ICD10DX,ANY,M45.4
RAOA,ICD10DX,ANY,M45.5
RAOA,ICD10DX,ANY,M45.6
RAOA,ICD10DX,ANY,M45.7
RAOA,ICD10DX,ANY,M45.8
RAOA,ICD10DX,ANY,M45.9
RAOA,ICD10DX,ANY,M45.A0
RAOA,ICD10DX,ANY,M45.A1
RAOA,ICD10DX,ANY,M45.A2
RAOA,ICD10DX,ANY,M45.A3
RAOA,ICD10DX,ANY,M45.A4
RAOA,ICD10DX,ANY,M45.A5
RAOA,ICD10DX,ANY,M45.A6
RAOA,ICD10DX,ANY,M45.A7
RAOA,ICD10DX,ANY,M45.A8
RAOA,ICD10DX,ANY,M45.AB
RAOA,ICD10DX,ANY,M46.80
RAOA,ICD10DX,ANY,M46.81
RAOA,ICD10DX,ANY,M46.82
RAOA,ICD10DX,ANY,M46.83
RAOA,ICD10DX,ANY,M46.84
RAOA,ICD10DX,ANY,M46.85
RAOA,ICD10DX,ANY,M46.86
RAOA,ICD10DX,ANY,M46.87
RAOA,ICD10DX,ANY,M46.88
RAOA,ICD10DX,ANY,M46.89
RAOA,ICD10DX,ANY,M46.90
RAOA,ICD10DX,ANY,M46.91
RAOA,ICD10DX,ANY,M46.92
RAOA,ICD10DX,ANY,M46.93
RAOA,ICD10DX,ANY,M46.94
RAOA,ICD10DX,ANY,M46.95
RAOA,ICD10DX,ANY,M46.96
RAOA,ICD10DX,ANY,M46.97
RAOA,ICD10DX,ANY,M46.98
RAOA,ICD10DX,ANY,M46.99
RAOA,ICD10DX,ANY,M47.011
RAOA,ICD10DX,ANY,M47.012
RAOA,ICD10DX,ANY,M47.013
RAOA,ICD10DX,ANY,M47.014
RAOA,ICD10DX,ANY,M47.015
RAOA,ICD10DX,ANY,M47.016
RAOA,ICD10DX,ANY,M47.019
RAOA,ICD10DX,ANY,M47.021
RAOA,ICD10DX,ANY,M47.022
RAOA,ICD10DX,ANY,M47.029
RAOA,ICD10DX,ANY,M47.10
RAOA,ICD10DX,ANY,M47.11
RAOA,ICD10DX,ANY,M47.12
RAOA,ICD10DX,ANY,M47.13
RAOA,ICD10DX,ANY,M47.14
RAOA,ICD10DX,ANY,M47.15
RAOA,ICD10DX,ANY,M47.16
RAOA,ICD10DX,ANY,M47.20
RAOA,ICD10DX,ANY,M47.21
RAOA,ICD10DX,ANY,M47.22
RAOA,ICD10DX,ANY,M47.23
RAOA,ICD10DX,ANY,M47.24
RAOA,ICD10DX,ANY,M47.25
RAOA,ICD10DX,ANY,M47.26
RAOA,ICD10DX,ANY,M47.27
RAOA,ICD10DX,ANY,M47.28
RAOA,ICD10DX,ANY,M47.811
RAOA,ICD10DX,ANY,M47.812
RAOA,ICD10DX,ANY,M47.813
RAOA,ICD10DX,ANY,M47.814
RAOA,ICD10DX,ANY,M47.815
RAOA,ICD10DX,ANY,M47.816
RAOA,ICD10DX,ANY,M47.817
RAOA,ICD10DX,ANY,M47.818
RAOA,ICD10DX,ANY,M47.819
RAOA,ICD10DX,ANY,M47.891
RAOA,ICD10DX,ANY,M47.892
RAOA,ICD10DX,ANY,M47.893
RAOA,ICD10DX,ANY,M47.894
RAOA,ICD10DX,ANY,M47.895
RAOA,ICD10DX,ANY,M47.896
RAOA,ICD10DX,ANY,M47.897
RAOA,ICD10DX,ANY,M47.898
RAOA,ICD10DX,ANY,M47.899
RAOA,ICD10DX,ANY,M47.9
RAOA,ICD10DX,ANY,M48.8X1
RAOA,ICD10DX,ANY,M48.8X2
RAOA,ICD10DX,ANY,M48.8X3
RAOA,ICD10DX,ANY,M48.8X4
RAOA,ICD10DX,ANY,M48.8X5
RAOA,ICD10DX,ANY,M48.8X6
RAOA,ICD10DX,ANY,M48.8X7
RAOA,ICD10DX,ANY,M48.8X8
RAOA,ICD10DX,ANY,M48.8X9
STRKETIA,ICD10DX,ANY,G45.0
STRKETIA,ICD10DX,ANY,G45.1
STRKETIA,ICD10DX,ANY,G45.2
STRKETIA,ICD10DX,ANY,G45.3
STRKETIA,ICD10DX,ANY,G45.8
STRKETIA,ICD10DX,ANY,G45.9
STRKETIA,ICD10DX,ANY,G46.0
STRKETIA,ICD10DX,ANY,G46.1
STRKETIA,ICD10DX,ANY,G46.2
STRKETIA,ICD10DX,ANY,G46.3
STRKETIA,ICD10DX,ANY,G46.4
STRKETIA,ICD10DX,ANY,G46.5
STRKETIA,ICD10DX,ANY,G46.6
STRKETIA,ICD10DX,ANY,G46.7
STRKETIA,ICD10DX,ANY,G46.8
STRKETIA,ICD10DX,ANY,G97.31
STRKETIA,ICD10DX,ANY,G97.32
STRKETIA,ICD10DX,ANY,I60.00
STRKETIA,ICD10DX,ANY,I60.01
STRKETIA,ICD10DX,ANY,I60.02
STRKETIA,ICD10DX,ANY,I60.10
STRKETIA,ICD10DX,ANY,I60.11
STRKETIA,ICD10DX,ANY,I60.12
STRKETIA,ICD10DX,ANY,I60.2
STRKETIA,ICD10DX,ANY,I60.20
STRKETIA,ICD10DX,ANY,I60.21
STRKETIA,ICD10DX,ANY,I60.22
STRKETIA,ICD10DX,ANY,I60.30
STRKETIA,ICD10DX,ANY,I60.31
STRKETIA,ICD10DX,ANY,I60.32
STRKETIA,ICD10DX,ANY,I60.4
STRKETIA,ICD10DX,ANY,I60.50
STRKETIA,ICD10DX,ANY,I60.51
STRKETIA,ICD10DX,ANY,I60.52
STRKETIA,ICD10DX,ANY,I60.6
STRKETIA,ICD10DX,ANY,I60.7
STRKETIA,ICD10DX,ANY,I60.8
STRKETIA,ICD10DX,ANY,I60.9
STRKETIA,ICD10DX,ANY,I61.0
STRKETIA,ICD10DX,ANY,I61.1
STRKETIA,ICD10DX,ANY,I61.2
STRKETIA,ICD10DX,ANY,I61.3
STRKETIA,ICD10DX,ANY,I61.4
STRKETIA,ICD10DX,ANY,I61.5
STRKETIA,ICD10DX,ANY,I61.6
STRKETIA,ICD10DX,ANY,I61.8
STRKETIA,ICD10DX,ANY,I61.9
STRKETIA,ICD10DX,ANY,I63.00
STRKETIA,ICD10DX,ANY,I62.01
STRKETIA,ICD10DX,ANY,I62.02
STRKETIA,ICD10DX,ANY,I62.9
STRKETIA,ICD10DX,ANY,I63.00
STRKETIA,ICD10DX,ANY,I63.011
STRKETIA,ICD10DX,ANY,I63.012
STRKETIA,ICD10DX,ANY,I63.013
STRKETIA,ICD10DX,ANY,I63.019
STRKETIA,ICD10DX,ANY,I63.02
STRKETIA,ICD10DX,ANY,I63.031
STRKETIA,ICD10DX,ANY,I63.032
STRKETIA,ICD10DX,ANY,I63.033
STRKETIA,ICD10DX,ANY,I63.039
STRKETIA,ICD10DX,ANY,I63.09
STRKETIA,ICD10DX,ANY,I63.10
STRKETIA,ICD10DX,ANY,I63.111
STRKETIA,ICD10DX,ANY,I63.112
STRKETIA,ICD10DX,ANY,I63.113
STRKETIA,ICD10DX,ANY,I63.119
STRKETIA,ICD10DX,ANY,I63.12
STRKETIA,ICD10DX,ANY,I63.131
STRKETIA,ICD10DX,ANY,I63.132
STRKETIA,ICD10DX,ANY,I63.133
STRKETIA,ICD10DX,ANY,I63.139
STRKETIA,ICD10DX,ANY,I63.19
STRKETIA,ICD10DX,ANY,I63.20
STRKETIA,ICD10DX,ANY,I63.211
STRKETIA,ICD10DX,ANY,I63.212
STRKETIA,ICD10DX,ANY,I63.213
STRKETIA,ICD10DX,ANY,I63.219
STRKETIA,ICD10DX,ANY,I63.22
STRKETIA,ICD10DX,ANY,I63.231
STRKETIA,ICD10DX,ANY,I63.232
STRKETIA,ICD10DX,ANY,I63.233
STRKETIA,ICD10DX,ANY,I63.239
STRKETIA,ICD10DX,ANY,I63.29
STRKETIA,ICD10DX,ANY,I63.30
STRKETIA,ICD10DX,ANY,I63.311
STRKETIA,ICD10DX,ANY,I63.312
STRKETIA,ICD10DX,ANY,I63.313
STRKETIA,ICD10DX,ANY,I63.319
STRKETIA,ICD10DX,ANY,I63.321
STRKETIA,ICD10DX,ANY,I63.322
STRKETIA,ICD10DX,ANY,I63.323
STRKETIA,ICD10DX,ANY,I63.329
STRKETIA,ICD10DX,ANY,I63.331
STRKETIA,ICD10DX,ANY,I63.332
STRKETIA,ICD10DX,ANY,I63.333
STRKETIA,ICD10DX,ANY,I63.339
STRKETIA,ICD10DX,ANY,I63.341
STRKETIA,ICD10DX,ANY,I63.342
STRKETIA,ICD10DX,ANY,I63.343
STRKETIA,ICD10DX,ANY,I63.349
STRKETIA,ICD10DX,ANY,I63.39
STRKETIA,ICD10DX,ANY,I63.40
STRKETIA,ICD10DX,ANY,I63.411
STRKETIA,ICD10DX,ANY,I63.412
STRKETIA,ICD10DX,ANY,I63.413
STRKETIA,ICD10DX,ANY,I63.419
STRKETIA,ICD10DX,ANY,I63.421
STRKETIA,ICD10DX,ANY,I63.422
STRKETIA,ICD10DX,ANY,I63.423
STRKETIA,ICD10DX,ANY,I63.429
STRKETIA,ICD10DX,ANY,I63.431
STRKETIA,ICD10DX,ANY,I63.432
STRKETIA,ICD10DX,ANY,I63.433
STRKETIA,ICD10DX,ANY,I63.439
STRKETIA,ICD10DX,ANY,I63.441
STRKETIA,ICD10DX,ANY,I63.442
STRKETIA,ICD10DX,ANY,I63.443
STRKETIA,ICD10DX,ANY,I63.449
STRKETIA,ICD10DX,ANY,I63.49
STRKETIA,ICD10DX,ANY,I63.50
STRKETIA,ICD10DX,ANY,I63.511
STRKETIA,ICD10DX,ANY,I63.512
STRKETIA,ICD10DX,ANY,I63.513
STRKETIA,ICD10DX,ANY,I63.519
STRKETIA,ICD10DX,ANY,I63.521
STRKETIA,ICD10DX,ANY,I63.522
STRKETIA,ICD10DX,ANY,I63.523
STRKETIA,ICD10DX,ANY,I63.529
STRKETIA,ICD10DX,ANY,I63.531
STRKETIA,ICD10DX,ANY,I63.532
STRKETIA,ICD10DX,ANY,I63.533
STRKETIA,ICD10DX,ANY,I63.539
STRKETIA,ICD10DX,ANY,I63.541
STRKETIA,ICD10DX,ANY,I63.542
STRKETIA,ICD10DX,ANY,I63.543
STRKETIA,ICD10DX,ANY,I63.549
STRKETIA,ICD10DX,ANY,I63.59
STRKETIA,ICD10DX,ANY,I63.6
STRKETIA,ICD10DX,ANY,I63.8
STRKETIA,ICD10DX,ANY,I63.81
STRKETIA,ICD10DX,ANY,I63.89
STRKETIA,ICD10DX,ANY,I63.9
STRKETIA,ICD10DX,ANY,I67.841
STRKETIA,ICD10DX,ANY,I67.848
STRKETIA,ICD10DX,ANY,I67.89
STRKETIA,ICD10DX,ANY,I97.810
STRKETIA,ICD10DX,ANY,I97.811
STRKETIA,ICD10DX,ANY,I97.820
STRKETIA,ICD10DX,ANY,I97.821
